-59,46,p636w0BWtEZ6zZ/6gPjjt2DXxnw=,7vT7A25QnxZfWD79FLaUIcVWgD8=
-60,44,p636w0BWtEZ6zZ/6gPjjt2DXxnw=,7vT7A25QnxZfWD79FLaUIcVWgD8=
-63,42,p636w0BWtEZ6zZ/6gPjjt2DXxnw=,7vT7A25QnxZfWD79FLaUIcVWgD8=
-61,44,p636w0BWtEZ6zZ/6gPjjt2DXxnw=,7vT7A25QnxZfWD79FLaUIcVWgD8=
-57,41,p636w0BWtEZ6zZ/6gPjjt2DXxnw=,7vT7A25QnxZfWD79FLaUIcVWgD8=
-59,40,p636w0BWtEZ6zZ/6gPjjt2DXxnw=,7vT7A25QnxZfWD79FLaUIcVWgD8=
-61,43,p636w0BWtEZ6zZ/6gPjjt2DXxnw=,7vT7A25QnxZfWD79FLaUIcVWgD8=
-62,43,p636w0BWtEZ6zZ/6gPjjt2DXxnw=,7vT7A25QnxZfWD79FLaUIcVWgD8=
-59,45,p636w0BWtEZ6zZ/6gPjjt2DXxnw=,7vT7A25QnxZfWD79FLaUIcVWgD8=
-57,40,p636w0BWtEZ6zZ/6gPjjt2DXxnw=,7vT7A25QnxZfWD79FLaUIcVWgD8=
-60,46,p636w0BWtEZ6zZ/6gPjjt2DXxnw=,7vT7A25QnxZfWD79FLaUIcVWgD8=
-61,46,p636w0BWtEZ6zZ/6gPjjt2DXxnw=,7vT7A25QnxZfWD79FLaUIcVWgD8=
-63,43,p636w0BWtEZ6zZ/6gPjjt2DXxnw=,7vT7A25QnxZfWD79FLaUIcVWgD8=
-61,40,p636w0BWtEZ6zZ/6gPjjt2DXxnw=,7vT7A25QnxZfWD79FLaUIcVWgD8=
-57,45,p636w0BWtEZ6zZ/6gPjjt2DXxnw=,7vT7A25QnxZfWD79FLaUIcVWgD8=
-58,45,p636w0BWtEZ6zZ/6gPjjt2DXxnw=,7vT7A25QnxZfWD79FLaUIcVWgD8=
-58,40,p636w0BWtEZ6zZ/6gPjjt2DXxnw=,7vT7A25QnxZfWD79FLaUIcVWgD8=
-58,41,p636w0BWtEZ6zZ/6gPjjt2DXxnw=,7vT7A25QnxZfWD79FLaUIcVWgD8=
-59,41,p636w0BWtEZ6zZ/6gPjjt2DXxnw=,7vT7A25QnxZfWD79FLaUIcVWgD8=
-60,41,p636w0BWtEZ6zZ/6gPjjt2DXxnw=,7vT7A25QnxZfWD79FLaUIcVWgD8=
-60,45,p636w0BWtEZ6zZ/6gPjjt2DXxnw=,7vT7A25QnxZfWD79FLaUIcVWgD8=
-61,41,p636w0BWtEZ6zZ/6gPjjt2DXxnw=,7vT7A25QnxZfWD79FLaUIcVWgD8=
-62,41,p636w0BWtEZ6zZ/6gPjjt2DXxnw=,7vT7A25QnxZfWD79FLaUIcVWgD8=
-63,41,p636w0BWtEZ6zZ/6gPjjt2DXxnw=,7vT7A25QnxZfWD79FLaUIcVWgD8=
-61,45,p636w0BWtEZ6zZ/6gPjjt2DXxnw=,7vT7A25QnxZfWD79FLaUIcVWgD8=
-60,40,p636w0BWtEZ6zZ/6gPjjt2DXxnw=,7vT7A25QnxZfWD79FLaUIcVWgD8=
-57,43,p636w0BWtEZ6zZ/6gPjjt2DXxnw=,7vT7A25QnxZfWD79FLaUIcVWgD8=
-63,40,p636w0BWtEZ6zZ/6gPjjt2DXxnw=,7vT7A25QnxZfWD79FLaUIcVWgD8=
-57,42,p636w0BWtEZ6zZ/6gPjjt2DXxnw=,7vT7A25QnxZfWD79FLaUIcVWgD8=
-58,42,p636w0BWtEZ6zZ/6gPjjt2DXxnw=,7vT7A25QnxZfWD79FLaUIcVWgD8=
-59,42,p636w0BWtEZ6zZ/6gPjjt2DXxnw=,7vT7A25QnxZfWD79FLaUIcVWgD8=
-60,42,p636w0BWtEZ6zZ/6gPjjt2DXxnw=,7vT7A25QnxZfWD79FLaUIcVWgD8=
-58,43,p636w0BWtEZ6zZ/6gPjjt2DXxnw=,7vT7A25QnxZfWD79FLaUIcVWgD8=
-57,47,p636w0BWtEZ6zZ/6gPjjt2DXxnw=,7vT7A25QnxZfWD79FLaUIcVWgD8=
-61,42,p636w0BWtEZ6zZ/6gPjjt2DXxnw=,7vT7A25QnxZfWD79FLaUIcVWgD8=
-59,43,p636w0BWtEZ6zZ/6gPjjt2DXxnw=,7vT7A25QnxZfWD79FLaUIcVWgD8=
-60,43,p636w0BWtEZ6zZ/6gPjjt2DXxnw=,7vT7A25QnxZfWD79FLaUIcVWgD8=
-58,47,p636w0BWtEZ6zZ/6gPjjt2DXxnw=,7vT7A25QnxZfWD79FLaUIcVWgD8=
-59,47,p636w0BWtEZ6zZ/6gPjjt2DXxnw=,7vT7A25QnxZfWD79FLaUIcVWgD8=
-60,47,p636w0BWtEZ6zZ/6gPjjt2DXxnw=,7vT7A25QnxZfWD79FLaUIcVWgD8=
-61,47,p636w0BWtEZ6zZ/6gPjjt2DXxnw=,7vT7A25QnxZfWD79FLaUIcVWgD8=
-57,46,p636w0BWtEZ6zZ/6gPjjt2DXxnw=,7vT7A25QnxZfWD79FLaUIcVWgD8=
-62,40,p636w0BWtEZ6zZ/6gPjjt2DXxnw=,7vT7A25QnxZfWD79FLaUIcVWgD8=
-58,44,p636w0BWtEZ6zZ/6gPjjt2DXxnw=,7vT7A25QnxZfWD79FLaUIcVWgD8=
-59,44,p636w0BWtEZ6zZ/6gPjjt2DXxnw=,7vT7A25QnxZfWD79FLaUIcVWgD8=
-58,46,p636w0BWtEZ6zZ/6gPjjt2DXxnw=,7vT7A25QnxZfWD79FLaUIcVWgD8=
-64,42,p636w0BWtEZ6zZ/6gPjjt2DXxnw=,7vT7A25QnxZfWD79FLaUIcVWgD8=
-57,44,p636w0BWtEZ6zZ/6gPjjt2DXxnw=,7vT7A25QnxZfWD79FLaUIcVWgD8=
-64,40,p636w0BWtEZ6zZ/6gPjjt2DXxnw=,7vT7A25QnxZfWD79FLaUIcVWgD8=
-64,41,p636w0BWtEZ6zZ/6gPjjt2DXxnw=,7vT7A25QnxZfWD79FLaUIcVWgD8=
-64,43,p636w0BWtEZ6zZ/6gPjjt2DXxnw=,7vT7A25QnxZfWD79FLaUIcVWgD8=
-62,42,p636w0BWtEZ6zZ/6gPjjt2DXxnw=,7vT7A25QnxZfWD79FLaUIcVWgD8=
-62,44,p636w0BWtEZ6zZ/6gPjjt2DXxnw=,7vT7A25QnxZfWD79FLaUIcVWgD8=
-62,45,p636w0BWtEZ6zZ/6gPjjt2DXxnw=,7vT7A25QnxZfWD79FLaUIcVWgD8=
-62,46,p636w0BWtEZ6zZ/6gPjjt2DXxnw=,7vT7A25QnxZfWD79FLaUIcVWgD8=
-64,44,p636w0BWtEZ6zZ/6gPjjt2DXxnw=,7vT7A25QnxZfWD79FLaUIcVWgD8=
-64,47,p636w0BWtEZ6zZ/6gPjjt2DXxnw=,7vT7A25QnxZfWD79FLaUIcVWgD8=
-64,45,p636w0BWtEZ6zZ/6gPjjt2DXxnw=,7vT7A25QnxZfWD79FLaUIcVWgD8=
-62,47,p636w0BWtEZ6zZ/6gPjjt2DXxnw=,7vT7A25QnxZfWD79FLaUIcVWgD8=
-63,45,p636w0BWtEZ6zZ/6gPjjt2DXxnw=,7vT7A25QnxZfWD79FLaUIcVWgD8=
-63,46,p636w0BWtEZ6zZ/6gPjjt2DXxnw=,7vT7A25QnxZfWD79FLaUIcVWgD8=
-63,44,p636w0BWtEZ6zZ/6gPjjt2DXxnw=,7vT7A25QnxZfWD79FLaUIcVWgD8=
-64,46,p636w0BWtEZ6zZ/6gPjjt2DXxnw=,7vT7A25QnxZfWD79FLaUIcVWgD8=
-63,47,p636w0BWtEZ6zZ/6gPjjt2DXxnw=,7vT7A25QnxZfWD79FLaUIcVWgD8=
-63,53,p636w0BWtEZ6zZ/6gPjjt2DXxnw=,7vT7A25QnxZfWD79FLaUIcVWgD8=
-62,53,p636w0BWtEZ6zZ/6gPjjt2DXxnw=,7vT7A25QnxZfWD79FLaUIcVWgD8=
-54,58,p636w0BWtEZ6zZ/6gPjjt2DXxnw=,7vT7A25QnxZfWD79FLaUIcVWgD8=
-53,58,p636w0BWtEZ6zZ/6gPjjt2DXxnw=,7vT7A25QnxZfWD79FLaUIcVWgD8=
-55,58,p636w0BWtEZ6zZ/6gPjjt2DXxnw=,7vT7A25QnxZfWD79FLaUIcVWgD8=
-52,58,p636w0BWtEZ6zZ/6gPjjt2DXxnw=,7vT7A25QnxZfWD79FLaUIcVWgD8=
-51,58,p636w0BWtEZ6zZ/6gPjjt2DXxnw=,7vT7A25QnxZfWD79FLaUIcVWgD8=
-55,59,p636w0BWtEZ6zZ/6gPjjt2DXxnw=,7vT7A25QnxZfWD79FLaUIcVWgD8=
-54,59,p636w0BWtEZ6zZ/6gPjjt2DXxnw=,7vT7A25QnxZfWD79FLaUIcVWgD8=
-52,59,IgcExyCx7tnnIFXyqhHcXMSdIto=,7vT7A25QnxZfWD79FLaUIcVWgD8=
-53,59,IgcExyCx7tnnIFXyqhHcXMSdIto=,7vT7A25QnxZfWD79FLaUIcVWgD8=
-51,59,IgcExyCx7tnnIFXyqhHcXMSdIto=,7vT7A25QnxZfWD79FLaUIcVWgD8=
-50,59,IgcExyCx7tnnIFXyqhHcXMSdIto=,7vT7A25QnxZfWD79FLaUIcVWgD8=
-55,60,IgcExyCx7tnnIFXyqhHcXMSdIto=,7vT7A25QnxZfWD79FLaUIcVWgD8=
-54,60,IgcExyCx7tnnIFXyqhHcXMSdIto=,7vT7A25QnxZfWD79FLaUIcVWgD8=
-53,60,IgcExyCx7tnnIFXyqhHcXMSdIto=,7vT7A25QnxZfWD79FLaUIcVWgD8=
-52,60,IgcExyCx7tnnIFXyqhHcXMSdIto=,7vT7A25QnxZfWD79FLaUIcVWgD8=
-51,60,IgcExyCx7tnnIFXyqhHcXMSdIto=,7vT7A25QnxZfWD79FLaUIcVWgD8=
-50,60,IgcExyCx7tnnIFXyqhHcXMSdIto=,7vT7A25QnxZfWD79FLaUIcVWgD8=
-54,61,IgcExyCx7tnnIFXyqhHcXMSdIto=,7vT7A25QnxZfWD79FLaUIcVWgD8=
-55,61,IgcExyCx7tnnIFXyqhHcXMSdIto=,7vT7A25QnxZfWD79FLaUIcVWgD8=
-53,61,IgcExyCx7tnnIFXyqhHcXMSdIto=,7vT7A25QnxZfWD79FLaUIcVWgD8=
-51,61,IgcExyCx7tnnIFXyqhHcXMSdIto=,7vT7A25QnxZfWD79FLaUIcVWgD8=
-50,61,IgcExyCx7tnnIFXyqhHcXMSdIto=,7vT7A25QnxZfWD79FLaUIcVWgD8=
-55,62,IgcExyCx7tnnIFXyqhHcXMSdIto=,7vT7A25QnxZfWD79FLaUIcVWgD8=
-52,61,IgcExyCx7tnnIFXyqhHcXMSdIto=,7vT7A25QnxZfWD79FLaUIcVWgD8=
-54,62,IgcExyCx7tnnIFXyqhHcXMSdIto=,7vT7A25QnxZfWD79FLaUIcVWgD8=
-53,62,IgcExyCx7tnnIFXyqhHcXMSdIto=,7vT7A25QnxZfWD79FLaUIcVWgD8=
-52,62,IgcExyCx7tnnIFXyqhHcXMSdIto=,7vT7A25QnxZfWD79FLaUIcVWgD8=
-55,57,IgcExyCx7tnnIFXyqhHcXMSdIto=,7vT7A25QnxZfWD79FLaUIcVWgD8=
-51,62,IgcExyCx7tnnIFXyqhHcXMSdIto=,7vT7A25QnxZfWD79FLaUIcVWgD8=
-54,57,IgcExyCx7tnnIFXyqhHcXMSdIto=,7vT7A25QnxZfWD79FLaUIcVWgD8=
-53,57,IgcExyCx7tnnIFXyqhHcXMSdIto=,7vT7A25QnxZfWD79FLaUIcVWgD8=
-50,62,IgcExyCx7tnnIFXyqhHcXMSdIto=,7vT7A25QnxZfWD79FLaUIcVWgD8=
-52,57,IgcExyCx7tnnIFXyqhHcXMSdIto=,7vT7A25QnxZfWD79FLaUIcVWgD8=
-51,57,IgcExyCx7tnnIFXyqhHcXMSdIto=,7vT7A25QnxZfWD79FLaUIcVWgD8=
-56,58,IgcExyCx7tnnIFXyqhHcXMSdIto=,7vT7A25QnxZfWD79FLaUIcVWgD8=
-56,59,IgcExyCx7tnnIFXyqhHcXMSdIto=,7vT7A25QnxZfWD79FLaUIcVWgD8=
-56,60,IgcExyCx7tnnIFXyqhHcXMSdIto=,7vT7A25QnxZfWD79FLaUIcVWgD8=
-56,61,IgcExyCx7tnnIFXyqhHcXMSdIto=,7vT7A25QnxZfWD79FLaUIcVWgD8=
-63,55,IgcExyCx7tnnIFXyqhHcXMSdIto=,7vT7A25QnxZfWD79FLaUIcVWgD8=
-62,55,IgcExyCx7tnnIFXyqhHcXMSdIto=,7vT7A25QnxZfWD79FLaUIcVWgD8=
-61,55,IgcExyCx7tnnIFXyqhHcXMSdIto=,7vT7A25QnxZfWD79FLaUIcVWgD8=
-60,55,IgcExyCx7tnnIFXyqhHcXMSdIto=,7vT7A25QnxZfWD79FLaUIcVWgD8=
-59,55,IgcExyCx7tnnIFXyqhHcXMSdIto=,7vT7A25QnxZfWD79FLaUIcVWgD8=
-58,55,IgcExyCx7tnnIFXyqhHcXMSdIto=,7vT7A25QnxZfWD79FLaUIcVWgD8=
-56,62,IgcExyCx7tnnIFXyqhHcXMSdIto=,7vT7A25QnxZfWD79FLaUIcVWgD8=
-55,48,IgcExyCx7tnnIFXyqhHcXMSdIto=,7vT7A25QnxZfWD79FLaUIcVWgD8=
-56,57,IgcExyCx7tnnIFXyqhHcXMSdIto=,7vT7A25QnxZfWD79FLaUIcVWgD8=
-54,48,IgcExyCx7tnnIFXyqhHcXMSdIto=,7vT7A25QnxZfWD79FLaUIcVWgD8=
-53,48,IgcExyCx7tnnIFXyqhHcXMSdIto=,7vT7A25QnxZfWD79FLaUIcVWgD8=
-56,54,IgcExyCx7tnnIFXyqhHcXMSdIto=,7vT7A25QnxZfWD79FLaUIcVWgD8=
-57,49,IgcExyCx7tnnIFXyqhHcXMSdIto=,7vT7A25QnxZfWD79FLaUIcVWgD8=
-55,54,IgcExyCx7tnnIFXyqhHcXMSdIto=,7vT7A25QnxZfWD79FLaUIcVWgD8=
-57,53,IgcExyCx7tnnIFXyqhHcXMSdIto=,7vT7A25QnxZfWD79FLaUIcVWgD8=
-52,48,IgcExyCx7tnnIFXyqhHcXMSdIto=,7vT7A25QnxZfWD79FLaUIcVWgD8=
-54,54,IgcExyCx7tnnIFXyqhHcXMSdIto=,7vT7A25QnxZfWD79FLaUIcVWgD8=
-53,54,IgcExyCx7tnnIFXyqhHcXMSdIto=,7vT7A25QnxZfWD79FLaUIcVWgD8=
-51,48,IgcExyCx7tnnIFXyqhHcXMSdIto=,7vT7A25QnxZfWD79FLaUIcVWgD8=
-52,54,IgcExyCx7tnnIFXyqhHcXMSdIto=,7vT7A25QnxZfWD79FLaUIcVWgD8=
-50,48,IgcExyCx7tnnIFXyqhHcXMSdIto=,7vT7A25QnxZfWD79FLaUIcVWgD8=
-56,49,IgcExyCx7tnnIFXyqhHcXMSdIto=,7vT7A25QnxZfWD79FLaUIcVWgD8=
-51,54,IgcExyCx7tnnIFXyqhHcXMSdIto=,7vT7A25QnxZfWD79FLaUIcVWgD8=
-50,54,IgcExyCx7tnnIFXyqhHcXMSdIto=,7vT7A25QnxZfWD79FLaUIcVWgD8=
-55,49,IgcExyCx7tnnIFXyqhHcXMSdIto=,7vT7A25QnxZfWD79FLaUIcVWgD8=
-54,49,IgcExyCx7tnnIFXyqhHcXMSdIto=,7vT7A25QnxZfWD79FLaUIcVWgD8=
-53,49,IgcExyCx7tnnIFXyqhHcXMSdIto=,7vT7A25QnxZfWD79FLaUIcVWgD8=
-56,55,IgcExyCx7tnnIFXyqhHcXMSdIto=,7vT7A25QnxZfWD79FLaUIcVWgD8=
-55,55,IgcExyCx7tnnIFXyqhHcXMSdIto=,7vT7A25QnxZfWD79FLaUIcVWgD8=
-52,49,IgcExyCx7tnnIFXyqhHcXMSdIto=,7vT7A25QnxZfWD79FLaUIcVWgD8=
-54,55,IgcExyCx7tnnIFXyqhHcXMSdIto=,7vT7A25QnxZfWD79FLaUIcVWgD8=
-51,49,IgcExyCx7tnnIFXyqhHcXMSdIto=,7vT7A25QnxZfWD79FLaUIcVWgD8=
-50,49,IgcExyCx7tnnIFXyqhHcXMSdIto=,7vT7A25QnxZfWD79FLaUIcVWgD8=
-53,55,IgcExyCx7tnnIFXyqhHcXMSdIto=,7vT7A25QnxZfWD79FLaUIcVWgD8=
-56,50,IgcExyCx7tnnIFXyqhHcXMSdIto=,7vT7A25QnxZfWD79FLaUIcVWgD8=
-55,50,IgcExyCx7tnnIFXyqhHcXMSdIto=,7vT7A25QnxZfWD79FLaUIcVWgD8=
-52,55,IgcExyCx7tnnIFXyqhHcXMSdIto=,7vT7A25QnxZfWD79FLaUIcVWgD8=
-54,50,IgcExyCx7tnnIFXyqhHcXMSdIto=,7vT7A25QnxZfWD79FLaUIcVWgD8=
-53,50,IgcExyCx7tnnIFXyqhHcXMSdIto=,7vT7A25QnxZfWD79FLaUIcVWgD8=
-52,50,IgcExyCx7tnnIFXyqhHcXMSdIto=,7vT7A25QnxZfWD79FLaUIcVWgD8=
-51,55,IgcExyCx7tnnIFXyqhHcXMSdIto=,7vT7A25QnxZfWD79FLaUIcVWgD8=
-51,50,IgcExyCx7tnnIFXyqhHcXMSdIto=,7vT7A25QnxZfWD79FLaUIcVWgD8=
-50,50,IgcExyCx7tnnIFXyqhHcXMSdIto=,7vT7A25QnxZfWD79FLaUIcVWgD8=
-57,54,IgcExyCx7tnnIFXyqhHcXMSdIto=,7vT7A25QnxZfWD79FLaUIcVWgD8=
-56,51,IgcExyCx7tnnIFXyqhHcXMSdIto=,7vT7A25QnxZfWD79FLaUIcVWgD8=
-55,51,IgcExyCx7tnnIFXyqhHcXMSdIto=,7vT7A25QnxZfWD79FLaUIcVWgD8=
-54,51,IgcExyCx7tnnIFXyqhHcXMSdIto=,7vT7A25QnxZfWD79FLaUIcVWgD8=
-53,51,IgcExyCx7tnnIFXyqhHcXMSdIto=,7vT7A25QnxZfWD79FLaUIcVWgD8=
-52,51,IgcExyCx7tnnIFXyqhHcXMSdIto=,7vT7A25QnxZfWD79FLaUIcVWgD8=
-51,51,IgcExyCx7tnnIFXyqhHcXMSdIto=,7vT7A25QnxZfWD79FLaUIcVWgD8=
-50,51,IgcExyCx7tnnIFXyqhHcXMSdIto=,7vT7A25QnxZfWD79FLaUIcVWgD8=
-56,52,IgcExyCx7tnnIFXyqhHcXMSdIto=,7vT7A25QnxZfWD79FLaUIcVWgD8=
-55,52,IgcExyCx7tnnIFXyqhHcXMSdIto=,7vT7A25QnxZfWD79FLaUIcVWgD8=
-57,55,IgcExyCx7tnnIFXyqhHcXMSdIto=,7vT7A25QnxZfWD79FLaUIcVWgD8=
-54,52,IgcExyCx7tnnIFXyqhHcXMSdIto=,7vT7A25QnxZfWD79FLaUIcVWgD8=
-53,52,IgcExyCx7tnnIFXyqhHcXMSdIto=,7vT7A25QnxZfWD79FLaUIcVWgD8=
-56,56,IgcExyCx7tnnIFXyqhHcXMSdIto=,7vT7A25QnxZfWD79FLaUIcVWgD8=
-55,56,IgcExyCx7tnnIFXyqhHcXMSdIto=,7vT7A25QnxZfWD79FLaUIcVWgD8=
-54,56,IgcExyCx7tnnIFXyqhHcXMSdIto=,7vT7A25QnxZfWD79FLaUIcVWgD8=
-53,56,IgcExyCx7tnnIFXyqhHcXMSdIto=,7vT7A25QnxZfWD79FLaUIcVWgD8=
-52,56,IgcExyCx7tnnIFXyqhHcXMSdIto=,7vT7A25QnxZfWD79FLaUIcVWgD8=
-52,52,IgcExyCx7tnnIFXyqhHcXMSdIto=,7vT7A25QnxZfWD79FLaUIcVWgD8=
-51,56,IgcExyCx7tnnIFXyqhHcXMSdIto=,7vT7A25QnxZfWD79FLaUIcVWgD8=
-51,52,IgcExyCx7tnnIFXyqhHcXMSdIto=,7vT7A25QnxZfWD79FLaUIcVWgD8=
-56,53,IgcExyCx7tnnIFXyqhHcXMSdIto=,7vT7A25QnxZfWD79FLaUIcVWgD8=
-50,52,IgcExyCx7tnnIFXyqhHcXMSdIto=,7vT7A25QnxZfWD79FLaUIcVWgD8=
-55,53,IgcExyCx7tnnIFXyqhHcXMSdIto=,7vT7A25QnxZfWD79FLaUIcVWgD8=
-54,53,IgcExyCx7tnnIFXyqhHcXMSdIto=,7vT7A25QnxZfWD79FLaUIcVWgD8=
-53,53,IgcExyCx7tnnIFXyqhHcXMSdIto=,7vT7A25QnxZfWD79FLaUIcVWgD8=
-52,53,IgcExyCx7tnnIFXyqhHcXMSdIto=,7vT7A25QnxZfWD79FLaUIcVWgD8=
-51,53,IgcExyCx7tnnIFXyqhHcXMSdIto=,7vT7A25QnxZfWD79FLaUIcVWgD8=
-50,53,IgcExyCx7tnnIFXyqhHcXMSdIto=,7vT7A25QnxZfWD79FLaUIcVWgD8=
-57,50,IgcExyCx7tnnIFXyqhHcXMSdIto=,7vT7A25QnxZfWD79FLaUIcVWgD8=
-57,51,IgcExyCx7tnnIFXyqhHcXMSdIto=,7vT7A25QnxZfWD79FLaUIcVWgD8=
-57,52,IgcExyCx7tnnIFXyqhHcXMSdIto=,7vT7A25QnxZfWD79FLaUIcVWgD8=
-60,48,IgcExyCx7tnnIFXyqhHcXMSdIto=,7vT7A25QnxZfWD79FLaUIcVWgD8=
-58,48,IgcExyCx7tnnIFXyqhHcXMSdIto=,7vT7A25QnxZfWD79FLaUIcVWgD8=
-56,48,IgcExyCx7tnnIFXyqhHcXMSdIto=,7vT7A25QnxZfWD79FLaUIcVWgD8=
-62,48,IgcExyCx7tnnIFXyqhHcXMSdIto=,7vT7A25QnxZfWD79FLaUIcVWgD8=
-61,48,IgcExyCx7tnnIFXyqhHcXMSdIto=,7vT7A25QnxZfWD79FLaUIcVWgD8=
-59,48,IgcExyCx7tnnIFXyqhHcXMSdIto=,7vT7A25QnxZfWD79FLaUIcVWgD8=
-57,48,IgcExyCx7tnnIFXyqhHcXMSdIto=,7vT7A25QnxZfWD79FLaUIcVWgD8=
-52,63,IgcExyCx7tnnIFXyqhHcXMSdIto=,7vT7A25QnxZfWD79FLaUIcVWgD8=
-51,63,IgcExyCx7tnnIFXyqhHcXMSdIto=,7vT7A25QnxZfWD79FLaUIcVWgD8=
-50,63,IgcExyCx7tnnIFXyqhHcXMSdIto=,7vT7A25QnxZfWD79FLaUIcVWgD8=
-55,63,IgcExyCx7tnnIFXyqhHcXMSdIto=,7vT7A25QnxZfWD79FLaUIcVWgD8=
-54,63,IgcExyCx7tnnIFXyqhHcXMSdIto=,7vT7A25QnxZfWD79FLaUIcVWgD8=
-53,63,IgcExyCx7tnnIFXyqhHcXMSdIto=,7vT7A25QnxZfWD79FLaUIcVWgD8=
-56,63,IgcExyCx7tnnIFXyqhHcXMSdIto=,7vT7A25QnxZfWD79FLaUIcVWgD8=
-49,63,IgcExyCx7tnnIFXyqhHcXMSdIto=,7vT7A25QnxZfWD79FLaUIcVWgD8=
-49,61,IgcExyCx7tnnIFXyqhHcXMSdIto=,7vT7A25QnxZfWD79FLaUIcVWgD8=
-49,60,IgcExyCx7tnnIFXyqhHcXMSdIto=,7vT7A25QnxZfWD79FLaUIcVWgD8=
-49,62,IgcExyCx7tnnIFXyqhHcXMSdIto=,7vT7A25QnxZfWD79FLaUIcVWgD8=
-49,48,IgcExyCx7tnnIFXyqhHcXMSdIto=,7vT7A25QnxZfWD79FLaUIcVWgD8=
-49,56,IgcExyCx7tnnIFXyqhHcXMSdIto=,7vT7A25QnxZfWD79FLaUIcVWgD8=
-49,57,IgcExyCx7tnnIFXyqhHcXMSdIto=,7vT7A25QnxZfWD79FLaUIcVWgD8=
-49,59,IgcExyCx7tnnIFXyqhHcXMSdIto=,7vT7A25QnxZfWD79FLaUIcVWgD8=
-49,58,IgcExyCx7tnnIFXyqhHcXMSdIto=,7vT7A25QnxZfWD79FLaUIcVWgD8=
-64,51,IgcExyCx7tnnIFXyqhHcXMSdIto=,7vT7A25QnxZfWD79FLaUIcVWgD8=
-64,53,IgcExyCx7tnnIFXyqhHcXMSdIto=,7vT7A25QnxZfWD79FLaUIcVWgD8=
-64,50,IgcExyCx7tnnIFXyqhHcXMSdIto=,7vT7A25QnxZfWD79FLaUIcVWgD8=
-64,49,IgcExyCx7tnnIFXyqhHcXMSdIto=,7vT7A25QnxZfWD79FLaUIcVWgD8=
-64,54,IgcExyCx7tnnIFXyqhHcXMSdIto=,7vT7A25QnxZfWD79FLaUIcVWgD8=
-64,52,IgcExyCx7tnnIFXyqhHcXMSdIto=,7vT7A25QnxZfWD79FLaUIcVWgD8=
-64,55,IgcExyCx7tnnIFXyqhHcXMSdIto=,7vT7A25QnxZfWD79FLaUIcVWgD8=
-49,52,IgcExyCx7tnnIFXyqhHcXMSdIto=,7vT7A25QnxZfWD79FLaUIcVWgD8=
-50,56,IgcExyCx7tnnIFXyqhHcXMSdIto=,7vT7A25QnxZfWD79FLaUIcVWgD8=
-49,51,IgcExyCx7tnnIFXyqhHcXMSdIto=,7vT7A25QnxZfWD79FLaUIcVWgD8=
-50,57,IgcExyCx7tnnIFXyqhHcXMSdIto=,7vT7A25QnxZfWD79FLaUIcVWgD8=
-49,49,IgcExyCx7tnnIFXyqhHcXMSdIto=,7vT7A25QnxZfWD79FLaUIcVWgD8=
-58,50,IgcExyCx7tnnIFXyqhHcXMSdIto=,7vT7A25QnxZfWD79FLaUIcVWgD8=
-58,52,IgcExyCx7tnnIFXyqhHcXMSdIto=,7vT7A25QnxZfWD79FLaUIcVWgD8=
-59,50,IgcExyCx7tnnIFXyqhHcXMSdIto=,7vT7A25QnxZfWD79FLaUIcVWgD8=
-49,55,IgcExyCx7tnnIFXyqhHcXMSdIto=,7vT7A25QnxZfWD79FLaUIcVWgD8=
-58,51,IgcExyCx7tnnIFXyqhHcXMSdIto=,7vT7A25QnxZfWD79FLaUIcVWgD8=
-60,50,IgcExyCx7tnnIFXyqhHcXMSdIto=,7vT7A25QnxZfWD79FLaUIcVWgD8=
-61,50,IgcExyCx7tnnIFXyqhHcXMSdIto=,7vT7A25QnxZfWD79FLaUIcVWgD8=
-59,52,IgcExyCx7tnnIFXyqhHcXMSdIto=,7vT7A25QnxZfWD79FLaUIcVWgD8=
-49,50,IgcExyCx7tnnIFXyqhHcXMSdIto=,7vT7A25QnxZfWD79FLaUIcVWgD8=
-60,52,IgcExyCx7tnnIFXyqhHcXMSdIto=,7vT7A25QnxZfWD79FLaUIcVWgD8=
-58,54,IgcExyCx7tnnIFXyqhHcXMSdIto=,7vT7A25QnxZfWD79FLaUIcVWgD8=
-62,50,IgcExyCx7tnnIFXyqhHcXMSdIto=,7vT7A25QnxZfWD79FLaUIcVWgD8=
-59,54,IgcExyCx7tnnIFXyqhHcXMSdIto=,7vT7A25QnxZfWD79FLaUIcVWgD8=
-61,52,IgcExyCx7tnnIFXyqhHcXMSdIto=,7vT7A25QnxZfWD79FLaUIcVWgD8=
-59,51,IgcExyCx7tnnIFXyqhHcXMSdIto=,7vT7A25QnxZfWD79FLaUIcVWgD8=
-63,50,IgcExyCx7tnnIFXyqhHcXMSdIto=,7vT7A25QnxZfWD79FLaUIcVWgD8=
-60,51,IgcExyCx7tnnIFXyqhHcXMSdIto=,7vT7A25QnxZfWD79FLaUIcVWgD8=
-60,54,IgcExyCx7tnnIFXyqhHcXMSdIto=,7vT7A25QnxZfWD79FLaUIcVWgD8=
-62,52,IgcExyCx7tnnIFXyqhHcXMSdIto=,7vT7A25QnxZfWD79FLaUIcVWgD8=
-63,52,IgcExyCx7tnnIFXyqhHcXMSdIto=,7vT7A25QnxZfWD79FLaUIcVWgD8=
-61,54,IgcExyCx7tnnIFXyqhHcXMSdIto=,7vT7A25QnxZfWD79FLaUIcVWgD8=
-62,54,IgcExyCx7tnnIFXyqhHcXMSdIto=,7vT7A25QnxZfWD79FLaUIcVWgD8=
-63,54,IgcExyCx7tnnIFXyqhHcXMSdIto=,7vT7A25QnxZfWD79FLaUIcVWgD8=
-58,53,IgcExyCx7tnnIFXyqhHcXMSdIto=,7vT7A25QnxZfWD79FLaUIcVWgD8=
-59,49,IgcExyCx7tnnIFXyqhHcXMSdIto=,7vT7A25QnxZfWD79FLaUIcVWgD8=
-60,49,IgcExyCx7tnnIFXyqhHcXMSdIto=,7vT7A25QnxZfWD79FLaUIcVWgD8=
-58,49,IgcExyCx7tnnIFXyqhHcXMSdIto=,7vT7A25QnxZfWD79FLaUIcVWgD8=
-61,49,IgcExyCx7tnnIFXyqhHcXMSdIto=,7vT7A25QnxZfWD79FLaUIcVWgD8=
-61,51,IgcExyCx7tnnIFXyqhHcXMSdIto=,7vT7A25QnxZfWD79FLaUIcVWgD8=
-62,51,IgcExyCx7tnnIFXyqhHcXMSdIto=,7vT7A25QnxZfWD79FLaUIcVWgD8=
-62,49,IgcExyCx7tnnIFXyqhHcXMSdIto=,7vT7A25QnxZfWD79FLaUIcVWgD8=
-63,49,IgcExyCx7tnnIFXyqhHcXMSdIto=,7vT7A25QnxZfWD79FLaUIcVWgD8=
-59,53,IgcExyCx7tnnIFXyqhHcXMSdIto=,7vT7A25QnxZfWD79FLaUIcVWgD8=
-63,51,IgcExyCx7tnnIFXyqhHcXMSdIto=,7vT7A25QnxZfWD79FLaUIcVWgD8=
-60,53,IgcExyCx7tnnIFXyqhHcXMSdIto=,7vT7A25QnxZfWD79FLaUIcVWgD8=
-50,58,IgcExyCx7tnnIFXyqhHcXMSdIto=,7vT7A25QnxZfWD79FLaUIcVWgD8=
-61,53,IgcExyCx7tnnIFXyqhHcXMSdIto=,7vT7A25QnxZfWD79FLaUIcVWgD8=
-63,48,IgcExyCx7tnnIFXyqhHcXMSdIto=,7vT7A25QnxZfWD79FLaUIcVWgD8=
-64,48,IgcExyCx7tnnIFXyqhHcXMSdIto=,7vT7A25QnxZfWD79FLaUIcVWgD8=
-50,55,IgcExyCx7tnnIFXyqhHcXMSdIto=,7vT7A25QnxZfWD79FLaUIcVWgD8=
-49,54,IgcExyCx7tnnIFXyqhHcXMSdIto=,7vT7A25QnxZfWD79FLaUIcVWgD8=
-49,53,IgcExyCx7tnnIFXyqhHcXMSdIto=,7vT7A25QnxZfWD79FLaUIcVWgD8=
-44,59,4/iz9bd2w3hruN8nw/K+juwbZIw=,lZ2m7pK6BriPpNbIoh42gkDW3ME=
-43,62,JyfHESHTI1fN2SQg3CWK0gSphrY=,lZ2m7pK6BriPpNbIoh42gkDW3ME=
-44,62,JyfHESHTI1fN2SQg3CWK0gSphrY=,lZ2m7pK6BriPpNbIoh42gkDW3ME=
-42,62,JyfHESHTI1fN2SQg3CWK0gSphrY=,lZ2m7pK6BriPpNbIoh42gkDW3ME=
-45,62,JyfHESHTI1fN2SQg3CWK0gSphrY=,lZ2m7pK6BriPpNbIoh42gkDW3ME=
-46,62,JyfHESHTI1fN2SQg3CWK0gSphrY=,lZ2m7pK6BriPpNbIoh42gkDW3ME=
-47,62,JyfHESHTI1fN2SQg3CWK0gSphrY=,lZ2m7pK6BriPpNbIoh42gkDW3ME=
-42,61,JyfHESHTI1fN2SQg3CWK0gSphrY=,lZ2m7pK6BriPpNbIoh42gkDW3ME=
-43,61,JyfHESHTI1fN2SQg3CWK0gSphrY=,lZ2m7pK6BriPpNbIoh42gkDW3ME=
-44,61,JyfHESHTI1fN2SQg3CWK0gSphrY=,lZ2m7pK6BriPpNbIoh42gkDW3ME=
-45,61,JyfHESHTI1fN2SQg3CWK0gSphrY=,lZ2m7pK6BriPpNbIoh42gkDW3ME=
-46,61,JyfHESHTI1fN2SQg3CWK0gSphrY=,lZ2m7pK6BriPpNbIoh42gkDW3ME=
-47,61,JyfHESHTI1fN2SQg3CWK0gSphrY=,lZ2m7pK6BriPpNbIoh42gkDW3ME=
-42,60,JyfHESHTI1fN2SQg3CWK0gSphrY=,lZ2m7pK6BriPpNbIoh42gkDW3ME=
-43,60,JyfHESHTI1fN2SQg3CWK0gSphrY=,lZ2m7pK6BriPpNbIoh42gkDW3ME=
-44,60,JyfHESHTI1fN2SQg3CWK0gSphrY=,lZ2m7pK6BriPpNbIoh42gkDW3ME=
-45,60,JyfHESHTI1fN2SQg3CWK0gSphrY=,lZ2m7pK6BriPpNbIoh42gkDW3ME=
-46,60,JyfHESHTI1fN2SQg3CWK0gSphrY=,lZ2m7pK6BriPpNbIoh42gkDW3ME=
-47,60,JyfHESHTI1fN2SQg3CWK0gSphrY=,lZ2m7pK6BriPpNbIoh42gkDW3ME=
-43,59,JyfHESHTI1fN2SQg3CWK0gSphrY=,lZ2m7pK6BriPpNbIoh42gkDW3ME=
-35,54,JyfHESHTI1fN2SQg3CWK0gSphrY=,7vT7A25QnxZfWD79FLaUIcVWgD8=
-34,54,v3t11MIWJB//h6IrD1z1lsGUtzQ=,7vT7A25QnxZfWD79FLaUIcVWgD8=
-33,54,v3t11MIWJB//h6IrD1z1lsGUtzQ=,7vT7A25QnxZfWD79FLaUIcVWgD8=
-39,50,v3t11MIWJB//h6IrD1z1lsGUtzQ=,7vT7A25QnxZfWD79FLaUIcVWgD8=
-38,50,v3t11MIWJB//h6IrD1z1lsGUtzQ=,7vT7A25QnxZfWD79FLaUIcVWgD8=
-37,50,v3t11MIWJB//h6IrD1z1lsGUtzQ=,7vT7A25QnxZfWD79FLaUIcVWgD8=
-36,50,v3t11MIWJB//h6IrD1z1lsGUtzQ=,7vT7A25QnxZfWD79FLaUIcVWgD8=
-35,50,v3t11MIWJB//h6IrD1z1lsGUtzQ=,7vT7A25QnxZfWD79FLaUIcVWgD8=
-34,50,v3t11MIWJB//h6IrD1z1lsGUtzQ=,7vT7A25QnxZfWD79FLaUIcVWgD8=
-33,50,v3t11MIWJB//h6IrD1z1lsGUtzQ=,7vT7A25QnxZfWD79FLaUIcVWgD8=
-39,51,v3t11MIWJB//h6IrD1z1lsGUtzQ=,7vT7A25QnxZfWD79FLaUIcVWgD8=
-38,51,v3t11MIWJB//h6IrD1z1lsGUtzQ=,7vT7A25QnxZfWD79FLaUIcVWgD8=
-37,51,v3t11MIWJB//h6IrD1z1lsGUtzQ=,7vT7A25QnxZfWD79FLaUIcVWgD8=
-36,51,v3t11MIWJB//h6IrD1z1lsGUtzQ=,7vT7A25QnxZfWD79FLaUIcVWgD8=
-35,52,v3t11MIWJB//h6IrD1z1lsGUtzQ=,7vT7A25QnxZfWD79FLaUIcVWgD8=
-34,52,v3t11MIWJB//h6IrD1z1lsGUtzQ=,7vT7A25QnxZfWD79FLaUIcVWgD8=
-33,52,v3t11MIWJB//h6IrD1z1lsGUtzQ=,7vT7A25QnxZfWD79FLaUIcVWgD8=
-36,53,v3t11MIWJB//h6IrD1z1lsGUtzQ=,7vT7A25QnxZfWD79FLaUIcVWgD8=
-36,52,v3t11MIWJB//h6IrD1z1lsGUtzQ=,7vT7A25QnxZfWD79FLaUIcVWgD8=
-35,53,v3t11MIWJB//h6IrD1z1lsGUtzQ=,7vT7A25QnxZfWD79FLaUIcVWgD8=
-34,53,v3t11MIWJB//h6IrD1z1lsGUtzQ=,7vT7A25QnxZfWD79FLaUIcVWgD8=
-33,53,v3t11MIWJB//h6IrD1z1lsGUtzQ=,7vT7A25QnxZfWD79FLaUIcVWgD8=
-34,51,v3t11MIWJB//h6IrD1z1lsGUtzQ=,7vT7A25QnxZfWD79FLaUIcVWgD8=
-35,51,v3t11MIWJB//h6IrD1z1lsGUtzQ=,7vT7A25QnxZfWD79FLaUIcVWgD8=
-34,56,v3t11MIWJB//h6IrD1z1lsGUtzQ=,lZ2m7pK6BriPpNbIoh42gkDW3ME=
-33,51,v3t11MIWJB//h6IrD1z1lsGUtzQ=,7vT7A25QnxZfWD79FLaUIcVWgD8=
-33,56,v3t11MIWJB//h6IrD1z1lsGUtzQ=,lZ2m7pK6BriPpNbIoh42gkDW3ME=
-34,63,v3t11MIWJB//h6IrD1z1lsGUtzQ=,lZ2m7pK6BriPpNbIoh42gkDW3ME=
-33,57,v3t11MIWJB//h6IrD1z1lsGUtzQ=,lZ2m7pK6BriPpNbIoh42gkDW3ME=
-35,55,v3t11MIWJB//h6IrD1z1lsGUtzQ=,7vT7A25QnxZfWD79FLaUIcVWgD8=
-34,55,v3t11MIWJB//h6IrD1z1lsGUtzQ=,7vT7A25QnxZfWD79FLaUIcVWgD8=
-33,55,v3t11MIWJB//h6IrD1z1lsGUtzQ=,7vT7A25QnxZfWD79FLaUIcVWgD8=
-41,60,v3t11MIWJB//h6IrD1z1lsGUtzQ=,lZ2m7pK6BriPpNbIoh42gkDW3ME=
-33,58,v3t11MIWJB//h6IrD1z1lsGUtzQ=,lZ2m7pK6BriPpNbIoh42gkDW3ME=
-41,61,v3t11MIWJB//h6IrD1z1lsGUtzQ=,lZ2m7pK6BriPpNbIoh42gkDW3ME=
-33,59,v3t11MIWJB//h6IrD1z1lsGUtzQ=,lZ2m7pK6BriPpNbIoh42gkDW3ME=
-41,62,v3t11MIWJB//h6IrD1z1lsGUtzQ=,lZ2m7pK6BriPpNbIoh42gkDW3ME=
-34,60,v3t11MIWJB//h6IrD1z1lsGUtzQ=,lZ2m7pK6BriPpNbIoh42gkDW3ME=
-33,60,v3t11MIWJB//h6IrD1z1lsGUtzQ=,lZ2m7pK6BriPpNbIoh42gkDW3ME=
-34,61,v3t11MIWJB//h6IrD1z1lsGUtzQ=,lZ2m7pK6BriPpNbIoh42gkDW3ME=
-33,61,v3t11MIWJB//h6IrD1z1lsGUtzQ=,lZ2m7pK6BriPpNbIoh42gkDW3ME=
-36,55,v3t11MIWJB//h6IrD1z1lsGUtzQ=,7vT7A25QnxZfWD79FLaUIcVWgD8=
-33,62,v3t11MIWJB//h6IrD1z1lsGUtzQ=,lZ2m7pK6BriPpNbIoh42gkDW3ME=
-34,62,v3t11MIWJB//h6IrD1z1lsGUtzQ=,lZ2m7pK6BriPpNbIoh42gkDW3ME=
-36,54,v3t11MIWJB//h6IrD1z1lsGUtzQ=,7vT7A25QnxZfWD79FLaUIcVWgD8=
-34,59,v3t11MIWJB//h6IrD1z1lsGUtzQ=,lZ2m7pK6BriPpNbIoh42gkDW3ME=
-35,56,v3t11MIWJB//h6IrD1z1lsGUtzQ=,lZ2m7pK6BriPpNbIoh42gkDW3ME=
-36,57,v3t11MIWJB//h6IrD1z1lsGUtzQ=,lZ2m7pK6BriPpNbIoh42gkDW3ME=
-35,59,v3t11MIWJB//h6IrD1z1lsGUtzQ=,lZ2m7pK6BriPpNbIoh42gkDW3ME=
-36,56,v3t11MIWJB//h6IrD1z1lsGUtzQ=,lZ2m7pK6BriPpNbIoh42gkDW3ME=
-35,57,v3t11MIWJB//h6IrD1z1lsGUtzQ=,lZ2m7pK6BriPpNbIoh42gkDW3ME=
-36,59,v3t11MIWJB//h6IrD1z1lsGUtzQ=,lZ2m7pK6BriPpNbIoh42gkDW3ME=
-33,63,v3t11MIWJB//h6IrD1z1lsGUtzQ=,lZ2m7pK6BriPpNbIoh42gkDW3ME=
-43,50,v3t11MIWJB//h6IrD1z1lsGUtzQ=,lZ2m7pK6BriPpNbIoh42gkDW3ME=
-42,50,v3t11MIWJB//h6IrD1z1lsGUtzQ=,lZ2m7pK6BriPpNbIoh42gkDW3ME=
-41,50,v3t11MIWJB//h6IrD1z1lsGUtzQ=,lZ2m7pK6BriPpNbIoh42gkDW3ME=
-40,50,v3t11MIWJB//h6IrD1z1lsGUtzQ=,7vT7A25QnxZfWD79FLaUIcVWgD8=
-48,60,v3t11MIWJB//h6IrD1z1lsGUtzQ=,lZ2m7pK6BriPpNbIoh42gkDW3ME=
-48,61,v3t11MIWJB//h6IrD1z1lsGUtzQ=,lZ2m7pK6BriPpNbIoh42gkDW3ME=
-48,62,v3t11MIWJB//h6IrD1z1lsGUtzQ=,lZ2m7pK6BriPpNbIoh42gkDW3ME=
-43,52,v3t11MIWJB//h6IrD1z1lsGUtzQ=,lZ2m7pK6BriPpNbIoh42gkDW3ME=
-40,63,v3t11MIWJB//h6IrD1z1lsGUtzQ=,lZ2m7pK6BriPpNbIoh42gkDW3ME=
-34,58,v3t11MIWJB//h6IrD1z1lsGUtzQ=,lZ2m7pK6BriPpNbIoh42gkDW3ME=
-34,57,v3t11MIWJB//h6IrD1z1lsGUtzQ=,lZ2m7pK6BriPpNbIoh42gkDW3ME=
-48,63,v3t11MIWJB//h6IrD1z1lsGUtzQ=,lZ2m7pK6BriPpNbIoh42gkDW3ME=
-41,63,v3t11MIWJB//h6IrD1z1lsGUtzQ=,lZ2m7pK6BriPpNbIoh42gkDW3ME=
-48,55,v3t11MIWJB//h6IrD1z1lsGUtzQ=,lZ2m7pK6BriPpNbIoh42gkDW3ME=
-40,56,v3t11MIWJB//h6IrD1z1lsGUtzQ=,lZ2m7pK6BriPpNbIoh42gkDW3ME=
-47,49,v3t11MIWJB//h6IrD1z1lsGUtzQ=,lZ2m7pK6BriPpNbIoh42gkDW3ME=
-42,63,v3t11MIWJB//h6IrD1z1lsGUtzQ=,lZ2m7pK6BriPpNbIoh42gkDW3ME=
-43,63,v3t11MIWJB//h6IrD1z1lsGUtzQ=,lZ2m7pK6BriPpNbIoh42gkDW3ME=
-41,56,v3t11MIWJB//h6IrD1z1lsGUtzQ=,lZ2m7pK6BriPpNbIoh42gkDW3ME=
-36,62,v3t11MIWJB//h6IrD1z1lsGUtzQ=,lZ2m7pK6BriPpNbIoh42gkDW3ME=
-38,62,v3t11MIWJB//h6IrD1z1lsGUtzQ=,lZ2m7pK6BriPpNbIoh42gkDW3ME=
-47,54,v3t11MIWJB//h6IrD1z1lsGUtzQ=,lZ2m7pK6BriPpNbIoh42gkDW3ME=
-35,58,v3t11MIWJB//h6IrD1z1lsGUtzQ=,lZ2m7pK6BriPpNbIoh42gkDW3ME=
-35,62,v3t11MIWJB//h6IrD1z1lsGUtzQ=,lZ2m7pK6BriPpNbIoh42gkDW3ME=
-35,61,v3t11MIWJB//h6IrD1z1lsGUtzQ=,lZ2m7pK6BriPpNbIoh42gkDW3ME=
-48,57,v3t11MIWJB//h6IrD1z1lsGUtzQ=,lZ2m7pK6BriPpNbIoh42gkDW3ME=
-41,53,v3t11MIWJB//h6IrD1z1lsGUtzQ=,lZ2m7pK6BriPpNbIoh42gkDW3ME=
-48,54,v3t11MIWJB//h6IrD1z1lsGUtzQ=,lZ2m7pK6BriPpNbIoh42gkDW3ME=
-48,59,v3t11MIWJB//h6IrD1z1lsGUtzQ=,lZ2m7pK6BriPpNbIoh42gkDW3ME=
-37,62,v3t11MIWJB//h6IrD1z1lsGUtzQ=,lZ2m7pK6BriPpNbIoh42gkDW3ME=
-47,50,v3t11MIWJB//h6IrD1z1lsGUtzQ=,lZ2m7pK6BriPpNbIoh42gkDW3ME=
-44,63,v3t11MIWJB//h6IrD1z1lsGUtzQ=,lZ2m7pK6BriPpNbIoh42gkDW3ME=
-46,55,v3t11MIWJB//h6IrD1z1lsGUtzQ=,lZ2m7pK6BriPpNbIoh42gkDW3ME=
-36,61,v3t11MIWJB//h6IrD1z1lsGUtzQ=,lZ2m7pK6BriPpNbIoh42gkDW3ME=
-36,58,v3t11MIWJB//h6IrD1z1lsGUtzQ=,lZ2m7pK6BriPpNbIoh42gkDW3ME=
-45,63,v3t11MIWJB//h6IrD1z1lsGUtzQ=,lZ2m7pK6BriPpNbIoh42gkDW3ME=
-46,63,v3t11MIWJB//h6IrD1z1lsGUtzQ=,lZ2m7pK6BriPpNbIoh42gkDW3ME=
-42,56,v3t11MIWJB//h6IrD1z1lsGUtzQ=,lZ2m7pK6BriPpNbIoh42gkDW3ME=
-35,60,v3t11MIWJB//h6IrD1z1lsGUtzQ=,lZ2m7pK6BriPpNbIoh42gkDW3ME=
-48,56,v3t11MIWJB//h6IrD1z1lsGUtzQ=,lZ2m7pK6BriPpNbIoh42gkDW3ME=
-48,50,v3t11MIWJB//h6IrD1z1lsGUtzQ=,lZ2m7pK6BriPpNbIoh42gkDW3ME=
-47,63,v3t11MIWJB//h6IrD1z1lsGUtzQ=,lZ2m7pK6BriPpNbIoh42gkDW3ME=
-40,49,v3t11MIWJB//h6IrD1z1lsGUtzQ=,7vT7A25QnxZfWD79FLaUIcVWgD8=
-40,54,v3t11MIWJB//h6IrD1z1lsGUtzQ=,7vT7A25QnxZfWD79FLaUIcVWgD8=
-39,62,v3t11MIWJB//h6IrD1z1lsGUtzQ=,lZ2m7pK6BriPpNbIoh42gkDW3ME=
-48,58,v3t11MIWJB//h6IrD1z1lsGUtzQ=,lZ2m7pK6BriPpNbIoh42gkDW3ME=
-47,55,v3t11MIWJB//h6IrD1z1lsGUtzQ=,lZ2m7pK6BriPpNbIoh42gkDW3ME=
-36,60,v3t11MIWJB//h6IrD1z1lsGUtzQ=,lZ2m7pK6BriPpNbIoh42gkDW3ME=
-41,49,v3t11MIWJB//h6IrD1z1lsGUtzQ=,lZ2m7pK6BriPpNbIoh42gkDW3ME=
-35,63,v3t11MIWJB//h6IrD1z1lsGUtzQ=,lZ2m7pK6BriPpNbIoh42gkDW3ME=
-39,63,v3t11MIWJB//h6IrD1z1lsGUtzQ=,lZ2m7pK6BriPpNbIoh42gkDW3ME=
-44,52,v3t11MIWJB//h6IrD1z1lsGUtzQ=,lZ2m7pK6BriPpNbIoh42gkDW3ME=
-40,62,v3t11MIWJB//h6IrD1z1lsGUtzQ=,lZ2m7pK6BriPpNbIoh42gkDW3ME=
-45,56,v3t11MIWJB//h6IrD1z1lsGUtzQ=,lZ2m7pK6BriPpNbIoh42gkDW3ME=
-38,63,v3t11MIWJB//h6IrD1z1lsGUtzQ=,lZ2m7pK6BriPpNbIoh42gkDW3ME=
-45,51,v3t11MIWJB//h6IrD1z1lsGUtzQ=,lZ2m7pK6BriPpNbIoh42gkDW3ME=
-36,63,v3t11MIWJB//h6IrD1z1lsGUtzQ=,lZ2m7pK6BriPpNbIoh42gkDW3ME=
-37,61,v3t11MIWJB//h6IrD1z1lsGUtzQ=,lZ2m7pK6BriPpNbIoh42gkDW3ME=
-37,63,v3t11MIWJB//h6IrD1z1lsGUtzQ=,lZ2m7pK6BriPpNbIoh42gkDW3ME=
-46,51,v3t11MIWJB//h6IrD1z1lsGUtzQ=,lZ2m7pK6BriPpNbIoh42gkDW3ME=
-40,60,v3t11MIWJB//h6IrD1z1lsGUtzQ=,lZ2m7pK6BriPpNbIoh42gkDW3ME=
-39,60,v3t11MIWJB//h6IrD1z1lsGUtzQ=,lZ2m7pK6BriPpNbIoh42gkDW3ME=
-46,56,v3t11MIWJB//h6IrD1z1lsGUtzQ=,lZ2m7pK6BriPpNbIoh42gkDW3ME=
-38,61,v3t11MIWJB//h6IrD1z1lsGUtzQ=,lZ2m7pK6BriPpNbIoh42gkDW3ME=
-47,56,v3t11MIWJB//h6IrD1z1lsGUtzQ=,lZ2m7pK6BriPpNbIoh42gkDW3ME=
-42,53,v3t11MIWJB//h6IrD1z1lsGUtzQ=,lZ2m7pK6BriPpNbIoh42gkDW3ME=
-47,58,v3t11MIWJB//h6IrD1z1lsGUtzQ=,lZ2m7pK6BriPpNbIoh42gkDW3ME=
-47,57,v3t11MIWJB//h6IrD1z1lsGUtzQ=,lZ2m7pK6BriPpNbIoh42gkDW3ME=
-37,60,v3t11MIWJB//h6IrD1z1lsGUtzQ=,lZ2m7pK6BriPpNbIoh42gkDW3ME=
-47,59,v3t11MIWJB//h6IrD1z1lsGUtzQ=,lZ2m7pK6BriPpNbIoh42gkDW3ME=
-38,60,v3t11MIWJB//h6IrD1z1lsGUtzQ=,lZ2m7pK6BriPpNbIoh42gkDW3ME=
-46,58,v3t11MIWJB//h6IrD1z1lsGUtzQ=,lZ2m7pK6BriPpNbIoh42gkDW3ME=
-42,49,v3t11MIWJB//h6IrD1z1lsGUtzQ=,lZ2m7pK6BriPpNbIoh42gkDW3ME=
-39,61,v3t11MIWJB//h6IrD1z1lsGUtzQ=,lZ2m7pK6BriPpNbIoh42gkDW3ME=
-40,61,v3t11MIWJB//h6IrD1z1lsGUtzQ=,lZ2m7pK6BriPpNbIoh42gkDW3ME=
-45,58,v3t11MIWJB//h6IrD1z1lsGUtzQ=,lZ2m7pK6BriPpNbIoh42gkDW3ME=
-33,48,v3t11MIWJB//h6IrD1z1lsGUtzQ=,7vT7A25QnxZfWD79FLaUIcVWgD8=
-43,54,v3t11MIWJB//h6IrD1z1lsGUtzQ=,lZ2m7pK6BriPpNbIoh42gkDW3ME=
-42,48,v3t11MIWJB//h6IrD1z1lsGUtzQ=,lZ2m7pK6BriPpNbIoh42gkDW3ME=
-43,49,v3t11MIWJB//h6IrD1z1lsGUtzQ=,lZ2m7pK6BriPpNbIoh42gkDW3ME=
-46,59,v3t11MIWJB//h6IrD1z1lsGUtzQ=,lZ2m7pK6BriPpNbIoh42gkDW3ME=
-45,59,v3t11MIWJB//h6IrD1z1lsGUtzQ=,lZ2m7pK6BriPpNbIoh42gkDW3ME=
-46,57,v3t11MIWJB//h6IrD1z1lsGUtzQ=,lZ2m7pK6BriPpNbIoh42gkDW3ME=
-46,53,v3t11MIWJB//h6IrD1z1lsGUtzQ=,lZ2m7pK6BriPpNbIoh42gkDW3ME=
-43,48,v3t11MIWJB//h6IrD1z1lsGUtzQ=,lZ2m7pK6BriPpNbIoh42gkDW3ME=
-40,53,v3t11MIWJB//h6IrD1z1lsGUtzQ=,7vT7A25QnxZfWD79FLaUIcVWgD8=
-45,48,v3t11MIWJB//h6IrD1z1lsGUtzQ=,lZ2m7pK6BriPpNbIoh42gkDW3ME=
-44,49,v3t11MIWJB//h6IrD1z1lsGUtzQ=,lZ2m7pK6BriPpNbIoh42gkDW3ME=
-47,53,v3t11MIWJB//h6IrD1z1lsGUtzQ=,lZ2m7pK6BriPpNbIoh42gkDW3ME=
-43,56,v3t11MIWJB//h6IrD1z1lsGUtzQ=,lZ2m7pK6BriPpNbIoh42gkDW3ME=
-45,57,v3t11MIWJB//h6IrD1z1lsGUtzQ=,lZ2m7pK6BriPpNbIoh42gkDW3ME=
-34,48,v3t11MIWJB//h6IrD1z1lsGUtzQ=,7vT7A25QnxZfWD79FLaUIcVWgD8=
-45,52,v3t11MIWJB//h6IrD1z1lsGUtzQ=,lZ2m7pK6BriPpNbIoh42gkDW3ME=
-41,51,v3t11MIWJB//h6IrD1z1lsGUtzQ=,lZ2m7pK6BriPpNbIoh42gkDW3ME=
-42,51,v3t11MIWJB//h6IrD1z1lsGUtzQ=,lZ2m7pK6BriPpNbIoh42gkDW3ME=
-43,51,v3t11MIWJB//h6IrD1z1lsGUtzQ=,lZ2m7pK6BriPpNbIoh42gkDW3ME=
-48,53,v3t11MIWJB//h6IrD1z1lsGUtzQ=,lZ2m7pK6BriPpNbIoh42gkDW3ME=
-42,52,v3t11MIWJB//h6IrD1z1lsGUtzQ=,lZ2m7pK6BriPpNbIoh42gkDW3ME=
-44,54,v3t11MIWJB//h6IrD1z1lsGUtzQ=,lZ2m7pK6BriPpNbIoh42gkDW3ME=
-47,52,v3t11MIWJB//h6IrD1z1lsGUtzQ=,lZ2m7pK6BriPpNbIoh42gkDW3ME=
-46,52,v3t11MIWJB//h6IrD1z1lsGUtzQ=,lZ2m7pK6BriPpNbIoh42gkDW3ME=
-41,52,v3t11MIWJB//h6IrD1z1lsGUtzQ=,lZ2m7pK6BriPpNbIoh42gkDW3ME=
-45,53,v3t11MIWJB//h6IrD1z1lsGUtzQ=,lZ2m7pK6BriPpNbIoh42gkDW3ME=
-40,52,v3t11MIWJB//h6IrD1z1lsGUtzQ=,7vT7A25QnxZfWD79FLaUIcVWgD8=
-40,51,v3t11MIWJB//h6IrD1z1lsGUtzQ=,7vT7A25QnxZfWD79FLaUIcVWgD8=
-44,51,v3t11MIWJB//h6IrD1z1lsGUtzQ=,lZ2m7pK6BriPpNbIoh42gkDW3ME=
-43,53,v3t11MIWJB//h6IrD1z1lsGUtzQ=,lZ2m7pK6BriPpNbIoh42gkDW3ME=
-44,58,v3t11MIWJB//h6IrD1z1lsGUtzQ=,lZ2m7pK6BriPpNbIoh42gkDW3ME=
-48,52,v3t11MIWJB//h6IrD1z1lsGUtzQ=,lZ2m7pK6BriPpNbIoh42gkDW3ME=
-48,49,v3t11MIWJB//h6IrD1z1lsGUtzQ=,lZ2m7pK6BriPpNbIoh42gkDW3ME=
-41,48,v3t11MIWJB//h6IrD1z1lsGUtzQ=,lZ2m7pK6BriPpNbIoh42gkDW3ME=
-44,55,v3t11MIWJB//h6IrD1z1lsGUtzQ=,lZ2m7pK6BriPpNbIoh42gkDW3ME=
-45,54,v3t11MIWJB//h6IrD1z1lsGUtzQ=,lZ2m7pK6BriPpNbIoh42gkDW3ME=
-45,49,v3t11MIWJB//h6IrD1z1lsGUtzQ=,lZ2m7pK6BriPpNbIoh42gkDW3ME=
-46,48,v3t11MIWJB//h6IrD1z1lsGUtzQ=,lZ2m7pK6BriPpNbIoh42gkDW3ME=
-46,49,v3t11MIWJB//h6IrD1z1lsGUtzQ=,lZ2m7pK6BriPpNbIoh42gkDW3ME=
-43,58,v3t11MIWJB//h6IrD1z1lsGUtzQ=,lZ2m7pK6BriPpNbIoh42gkDW3ME=
-44,48,v3t11MIWJB//h6IrD1z1lsGUtzQ=,lZ2m7pK6BriPpNbIoh42gkDW3ME=
-45,55,v3t11MIWJB//h6IrD1z1lsGUtzQ=,lZ2m7pK6BriPpNbIoh42gkDW3ME=
-38,52,v3t11MIWJB//h6IrD1z1lsGUtzQ=,7vT7A25QnxZfWD79FLaUIcVWgD8=
-37,52,v3t11MIWJB//h6IrD1z1lsGUtzQ=,7vT7A25QnxZfWD79FLaUIcVWgD8=
-39,49,v3t11MIWJB//h6IrD1z1lsGUtzQ=,7vT7A25QnxZfWD79FLaUIcVWgD8=
-35,48,v3t11MIWJB//h6IrD1z1lsGUtzQ=,7vT7A25QnxZfWD79FLaUIcVWgD8=
-43,57,v3t11MIWJB//h6IrD1z1lsGUtzQ=,lZ2m7pK6BriPpNbIoh42gkDW3ME=
-39,52,v3t11MIWJB//h6IrD1z1lsGUtzQ=,7vT7A25QnxZfWD79FLaUIcVWgD8=
-42,57,v3t11MIWJB//h6IrD1z1lsGUtzQ=,lZ2m7pK6BriPpNbIoh42gkDW3ME=
-38,49,v3t11MIWJB//h6IrD1z1lsGUtzQ=,7vT7A25QnxZfWD79FLaUIcVWgD8=
-44,57,v3t11MIWJB//h6IrD1z1lsGUtzQ=,lZ2m7pK6BriPpNbIoh42gkDW3ME=
-46,54,v3t11MIWJB//h6IrD1z1lsGUtzQ=,lZ2m7pK6BriPpNbIoh42gkDW3ME=
-42,59,v3t11MIWJB//h6IrD1z1lsGUtzQ=,lZ2m7pK6BriPpNbIoh42gkDW3ME=
-37,49,v3t11MIWJB//h6IrD1z1lsGUtzQ=,7vT7A25QnxZfWD79FLaUIcVWgD8=
-37,53,v3t11MIWJB//h6IrD1z1lsGUtzQ=,7vT7A25QnxZfWD79FLaUIcVWgD8=
-39,54,v3t11MIWJB//h6IrD1z1lsGUtzQ=,7vT7A25QnxZfWD79FLaUIcVWgD8=
-38,53,v3t11MIWJB//h6IrD1z1lsGUtzQ=,7vT7A25QnxZfWD79FLaUIcVWgD8=
-41,54,v3t11MIWJB//h6IrD1z1lsGUtzQ=,lZ2m7pK6BriPpNbIoh42gkDW3ME=
-42,58,v3t11MIWJB//h6IrD1z1lsGUtzQ=,lZ2m7pK6BriPpNbIoh42gkDW3ME=
-37,54,v3t11MIWJB//h6IrD1z1lsGUtzQ=,7vT7A25QnxZfWD79FLaUIcVWgD8=
-39,53,v3t11MIWJB//h6IrD1z1lsGUtzQ=,7vT7A25QnxZfWD79FLaUIcVWgD8=
-38,54,v3t11MIWJB//h6IrD1z1lsGUtzQ=,7vT7A25QnxZfWD79FLaUIcVWgD8=
-36,48,v3t11MIWJB//h6IrD1z1lsGUtzQ=,7vT7A25QnxZfWD79FLaUIcVWgD8=
-38,48,v3t11MIWJB//h6IrD1z1lsGUtzQ=,7vT7A25QnxZfWD79FLaUIcVWgD8=
-39,48,v3t11MIWJB//h6IrD1z1lsGUtzQ=,7vT7A25QnxZfWD79FLaUIcVWgD8=
-38,55,v3t11MIWJB//h6IrD1z1lsGUtzQ=,7vT7A25QnxZfWD79FLaUIcVWgD8=
-39,55,v3t11MIWJB//h6IrD1z1lsGUtzQ=,7vT7A25QnxZfWD79FLaUIcVWgD8=
-37,48,v3t11MIWJB//h6IrD1z1lsGUtzQ=,7vT7A25QnxZfWD79FLaUIcVWgD8=
-41,58,v3t11MIWJB//h6IrD1z1lsGUtzQ=,lZ2m7pK6BriPpNbIoh42gkDW3ME=
-40,57,v3t11MIWJB//h6IrD1z1lsGUtzQ=,lZ2m7pK6BriPpNbIoh42gkDW3ME=
-38,57,v3t11MIWJB//h6IrD1z1lsGUtzQ=,lZ2m7pK6BriPpNbIoh42gkDW3ME=
-39,57,v3t11MIWJB//h6IrD1z1lsGUtzQ=,lZ2m7pK6BriPpNbIoh42gkDW3ME=
-37,57,v3t11MIWJB//h6IrD1z1lsGUtzQ=,lZ2m7pK6BriPpNbIoh42gkDW3ME=
-40,48,v3t11MIWJB//h6IrD1z1lsGUtzQ=,7vT7A25QnxZfWD79FLaUIcVWgD8=
-33,49,v3t11MIWJB//h6IrD1z1lsGUtzQ=,7vT7A25QnxZfWD79FLaUIcVWgD8=
-41,59,v3t11MIWJB//h6IrD1z1lsGUtzQ=,lZ2m7pK6BriPpNbIoh42gkDW3ME=
-34,49,v3t11MIWJB//h6IrD1z1lsGUtzQ=,7vT7A25QnxZfWD79FLaUIcVWgD8=
-44,56,v3t11MIWJB//h6IrD1z1lsGUtzQ=,lZ2m7pK6BriPpNbIoh42gkDW3ME=
-37,55,v3t11MIWJB//h6IrD1z1lsGUtzQ=,7vT7A25QnxZfWD79FLaUIcVWgD8=
-35,49,v3t11MIWJB//h6IrD1z1lsGUtzQ=,7vT7A25QnxZfWD79FLaUIcVWgD8=
-47,51,v3t11MIWJB//h6IrD1z1lsGUtzQ=,lZ2m7pK6BriPpNbIoh42gkDW3ME=
-39,58,v3t11MIWJB//h6IrD1z1lsGUtzQ=,lZ2m7pK6BriPpNbIoh42gkDW3ME=
-38,58,v3t11MIWJB//h6IrD1z1lsGUtzQ=,lZ2m7pK6BriPpNbIoh42gkDW3ME=
-37,58,v3t11MIWJB//h6IrD1z1lsGUtzQ=,lZ2m7pK6BriPpNbIoh42gkDW3ME=
-40,58,v3t11MIWJB//h6IrD1z1lsGUtzQ=,lZ2m7pK6BriPpNbIoh42gkDW3ME=
-36,49,v3t11MIWJB//h6IrD1z1lsGUtzQ=,7vT7A25QnxZfWD79FLaUIcVWgD8=
-42,54,v3t11MIWJB//h6IrD1z1lsGUtzQ=,lZ2m7pK6BriPpNbIoh42gkDW3ME=
-39,59,v3t11MIWJB//h6IrD1z1lsGUtzQ=,lZ2m7pK6BriPpNbIoh42gkDW3ME=
-41,57,v3t11MIWJB//h6IrD1z1lsGUtzQ=,lZ2m7pK6BriPpNbIoh42gkDW3ME=
-40,59,v3t11MIWJB//h6IrD1z1lsGUtzQ=,lZ2m7pK6BriPpNbIoh42gkDW3ME=
-38,59,v3t11MIWJB//h6IrD1z1lsGUtzQ=,lZ2m7pK6BriPpNbIoh42gkDW3ME=
-48,48,v3t11MIWJB//h6IrD1z1lsGUtzQ=,lZ2m7pK6BriPpNbIoh42gkDW3ME=
-46,50,v3t11MIWJB//h6IrD1z1lsGUtzQ=,lZ2m7pK6BriPpNbIoh42gkDW3ME=
-44,50,v3t11MIWJB//h6IrD1z1lsGUtzQ=,lZ2m7pK6BriPpNbIoh42gkDW3ME=
-37,59,v3t11MIWJB//h6IrD1z1lsGUtzQ=,lZ2m7pK6BriPpNbIoh42gkDW3ME=
-38,56,v3t11MIWJB//h6IrD1z1lsGUtzQ=,lZ2m7pK6BriPpNbIoh42gkDW3ME=
-39,56,v3t11MIWJB//h6IrD1z1lsGUtzQ=,lZ2m7pK6BriPpNbIoh42gkDW3ME=
-45,50,v3t11MIWJB//h6IrD1z1lsGUtzQ=,lZ2m7pK6BriPpNbIoh42gkDW3ME=
-47,48,v3t11MIWJB//h6IrD1z1lsGUtzQ=,lZ2m7pK6BriPpNbIoh42gkDW3ME=
-40,55,v3t11MIWJB//h6IrD1z1lsGUtzQ=,7vT7A25QnxZfWD79FLaUIcVWgD8=
-37,56,v3t11MIWJB//h6IrD1z1lsGUtzQ=,lZ2m7pK6BriPpNbIoh42gkDW3ME=
-48,51,v3t11MIWJB//h6IrD1z1lsGUtzQ=,lZ2m7pK6BriPpNbIoh42gkDW3ME=
-42,55,v3t11MIWJB//h6IrD1z1lsGUtzQ=,lZ2m7pK6BriPpNbIoh42gkDW3ME=
-44,53,v3t11MIWJB//h6IrD1z1lsGUtzQ=,lZ2m7pK6BriPpNbIoh42gkDW3ME=
-41,55,v3t11MIWJB//h6IrD1z1lsGUtzQ=,lZ2m7pK6BriPpNbIoh42gkDW3ME=
-43,55,v3t11MIWJB//h6IrD1z1lsGUtzQ=,lZ2m7pK6BriPpNbIoh42gkDW3ME=
-46,34,v3t11MIWJB//h6IrD1z1lsGUtzQ=,7vT7A25QnxZfWD79FLaUIcVWgD8=
-42,37,v3t11MIWJB//h6IrD1z1lsGUtzQ=,7vT7A25QnxZfWD79FLaUIcVWgD8=
-44,35,lHqiQEmpvHhz5vut+nKn1JPk2Q8=,7vT7A25QnxZfWD79FLaUIcVWgD8=
-45,35,lHqiQEmpvHhz5vut+nKn1JPk2Q8=,7vT7A25QnxZfWD79FLaUIcVWgD8=
-46,35,lHqiQEmpvHhz5vut+nKn1JPk2Q8=,7vT7A25QnxZfWD79FLaUIcVWgD8=
-43,38,bI3D/jTTctPAfpdmbSQrpZZRa3M=,7vT7A25QnxZfWD79FLaUIcVWgD8=
-43,37,bI3D/jTTctPAfpdmbSQrpZZRa3M=,7vT7A25QnxZfWD79FLaUIcVWgD8=
-47,35,bI3D/jTTctPAfpdmbSQrpZZRa3M=,7vT7A25QnxZfWD79FLaUIcVWgD8=
-42,34,bI3D/jTTctPAfpdmbSQrpZZRa3M=,7vT7A25QnxZfWD79FLaUIcVWgD8=
-43,34,bI3D/jTTctPAfpdmbSQrpZZRa3M=,7vT7A25QnxZfWD79FLaUIcVWgD8=
-43,36,bI3D/jTTctPAfpdmbSQrpZZRa3M=,7vT7A25QnxZfWD79FLaUIcVWgD8=
-44,38,bI3D/jTTctPAfpdmbSQrpZZRa3M=,7vT7A25QnxZfWD79FLaUIcVWgD8=
-44,36,bI3D/jTTctPAfpdmbSQrpZZRa3M=,7vT7A25QnxZfWD79FLaUIcVWgD8=
-44,34,bI3D/jTTctPAfpdmbSQrpZZRa3M=,7vT7A25QnxZfWD79FLaUIcVWgD8=
-44,37,bI3D/jTTctPAfpdmbSQrpZZRa3M=,7vT7A25QnxZfWD79FLaUIcVWgD8=
-45,34,bI3D/jTTctPAfpdmbSQrpZZRa3M=,7vT7A25QnxZfWD79FLaUIcVWgD8=
-47,34,bI3D/jTTctPAfpdmbSQrpZZRa3M=,7vT7A25QnxZfWD79FLaUIcVWgD8=
-45,37,bI3D/jTTctPAfpdmbSQrpZZRa3M=,7vT7A25QnxZfWD79FLaUIcVWgD8=
-46,37,bI3D/jTTctPAfpdmbSQrpZZRa3M=,7vT7A25QnxZfWD79FLaUIcVWgD8=
-45,36,bI3D/jTTctPAfpdmbSQrpZZRa3M=,7vT7A25QnxZfWD79FLaUIcVWgD8=
-46,36,bI3D/jTTctPAfpdmbSQrpZZRa3M=,7vT7A25QnxZfWD79FLaUIcVWgD8=
-47,36,bI3D/jTTctPAfpdmbSQrpZZRa3M=,7vT7A25QnxZfWD79FLaUIcVWgD8=
-47,37,bI3D/jTTctPAfpdmbSQrpZZRa3M=,7vT7A25QnxZfWD79FLaUIcVWgD8=
-42,33,bI3D/jTTctPAfpdmbSQrpZZRa3M=,7vT7A25QnxZfWD79FLaUIcVWgD8=
-43,33,bI3D/jTTctPAfpdmbSQrpZZRa3M=,7vT7A25QnxZfWD79FLaUIcVWgD8=
-42,35,bI3D/jTTctPAfpdmbSQrpZZRa3M=,7vT7A25QnxZfWD79FLaUIcVWgD8=
-44,33,bI3D/jTTctPAfpdmbSQrpZZRa3M=,7vT7A25QnxZfWD79FLaUIcVWgD8=
-42,38,bI3D/jTTctPAfpdmbSQrpZZRa3M=,7vT7A25QnxZfWD79FLaUIcVWgD8=
-45,38,bI3D/jTTctPAfpdmbSQrpZZRa3M=,7vT7A25QnxZfWD79FLaUIcVWgD8=
-43,35,bI3D/jTTctPAfpdmbSQrpZZRa3M=,7vT7A25QnxZfWD79FLaUIcVWgD8=
-46,38,bI3D/jTTctPAfpdmbSQrpZZRa3M=,7vT7A25QnxZfWD79FLaUIcVWgD8=
-47,38,bI3D/jTTctPAfpdmbSQrpZZRa3M=,7vT7A25QnxZfWD79FLaUIcVWgD8=
-45,33,bI3D/jTTctPAfpdmbSQrpZZRa3M=,7vT7A25QnxZfWD79FLaUIcVWgD8=
-46,33,bI3D/jTTctPAfpdmbSQrpZZRa3M=,7vT7A25QnxZfWD79FLaUIcVWgD8=
-42,36,bI3D/jTTctPAfpdmbSQrpZZRa3M=,7vT7A25QnxZfWD79FLaUIcVWgD8=
-47,33,bI3D/jTTctPAfpdmbSQrpZZRa3M=,7vT7A25QnxZfWD79FLaUIcVWgD8=
-47,41,bI3D/jTTctPAfpdmbSQrpZZRa3M=,lZ2m7pK6BriPpNbIoh42gkDW3ME=
-45,41,bI3D/jTTctPAfpdmbSQrpZZRa3M=,lZ2m7pK6BriPpNbIoh42gkDW3ME=
-46,41,bI3D/jTTctPAfpdmbSQrpZZRa3M=,lZ2m7pK6BriPpNbIoh42gkDW3ME=
-44,41,bI3D/jTTctPAfpdmbSQrpZZRa3M=,lZ2m7pK6BriPpNbIoh42gkDW3ME=
-43,41,bI3D/jTTctPAfpdmbSQrpZZRa3M=,lZ2m7pK6BriPpNbIoh42gkDW3ME=
-42,39,bI3D/jTTctPAfpdmbSQrpZZRa3M=,7vT7A25QnxZfWD79FLaUIcVWgD8=
-47,42,bI3D/jTTctPAfpdmbSQrpZZRa3M=,lZ2m7pK6BriPpNbIoh42gkDW3ME=
-46,42,bI3D/jTTctPAfpdmbSQrpZZRa3M=,lZ2m7pK6BriPpNbIoh42gkDW3ME=
-42,41,bI3D/jTTctPAfpdmbSQrpZZRa3M=,lZ2m7pK6BriPpNbIoh42gkDW3ME=
-45,42,bI3D/jTTctPAfpdmbSQrpZZRa3M=,lZ2m7pK6BriPpNbIoh42gkDW3ME=
-44,42,bI3D/jTTctPAfpdmbSQrpZZRa3M=,lZ2m7pK6BriPpNbIoh42gkDW3ME=
-43,42,bI3D/jTTctPAfpdmbSQrpZZRa3M=,lZ2m7pK6BriPpNbIoh42gkDW3ME=
-42,42,bI3D/jTTctPAfpdmbSQrpZZRa3M=,lZ2m7pK6BriPpNbIoh42gkDW3ME=
-47,43,bI3D/jTTctPAfpdmbSQrpZZRa3M=,lZ2m7pK6BriPpNbIoh42gkDW3ME=
-46,43,bI3D/jTTctPAfpdmbSQrpZZRa3M=,lZ2m7pK6BriPpNbIoh42gkDW3ME=
-45,43,bI3D/jTTctPAfpdmbSQrpZZRa3M=,lZ2m7pK6BriPpNbIoh42gkDW3ME=
-44,43,bI3D/jTTctPAfpdmbSQrpZZRa3M=,lZ2m7pK6BriPpNbIoh42gkDW3ME=
-43,43,bI3D/jTTctPAfpdmbSQrpZZRa3M=,lZ2m7pK6BriPpNbIoh42gkDW3ME=
-42,43,bI3D/jTTctPAfpdmbSQrpZZRa3M=,lZ2m7pK6BriPpNbIoh42gkDW3ME=
-47,39,bI3D/jTTctPAfpdmbSQrpZZRa3M=,7vT7A25QnxZfWD79FLaUIcVWgD8=
-45,39,bI3D/jTTctPAfpdmbSQrpZZRa3M=,7vT7A25QnxZfWD79FLaUIcVWgD8=
-46,39,bI3D/jTTctPAfpdmbSQrpZZRa3M=,7vT7A25QnxZfWD79FLaUIcVWgD8=
-47,44,bI3D/jTTctPAfpdmbSQrpZZRa3M=,lZ2m7pK6BriPpNbIoh42gkDW3ME=
-46,44,bI3D/jTTctPAfpdmbSQrpZZRa3M=,lZ2m7pK6BriPpNbIoh42gkDW3ME=
-45,44,bI3D/jTTctPAfpdmbSQrpZZRa3M=,lZ2m7pK6BriPpNbIoh42gkDW3ME=
-47,40,bI3D/jTTctPAfpdmbSQrpZZRa3M=,lZ2m7pK6BriPpNbIoh42gkDW3ME=
-44,44,bI3D/jTTctPAfpdmbSQrpZZRa3M=,lZ2m7pK6BriPpNbIoh42gkDW3ME=
-43,44,bI3D/jTTctPAfpdmbSQrpZZRa3M=,lZ2m7pK6BriPpNbIoh42gkDW3ME=
-42,44,bI3D/jTTctPAfpdmbSQrpZZRa3M=,lZ2m7pK6BriPpNbIoh42gkDW3ME=
-47,45,bI3D/jTTctPAfpdmbSQrpZZRa3M=,lZ2m7pK6BriPpNbIoh42gkDW3ME=
-46,45,bI3D/jTTctPAfpdmbSQrpZZRa3M=,lZ2m7pK6BriPpNbIoh42gkDW3ME=
-45,45,bI3D/jTTctPAfpdmbSQrpZZRa3M=,lZ2m7pK6BriPpNbIoh42gkDW3ME=
-44,39,bI3D/jTTctPAfpdmbSQrpZZRa3M=,7vT7A25QnxZfWD79FLaUIcVWgD8=
-44,45,bI3D/jTTctPAfpdmbSQrpZZRa3M=,lZ2m7pK6BriPpNbIoh42gkDW3ME=
-46,40,bI3D/jTTctPAfpdmbSQrpZZRa3M=,lZ2m7pK6BriPpNbIoh42gkDW3ME=
-43,45,bI3D/jTTctPAfpdmbSQrpZZRa3M=,lZ2m7pK6BriPpNbIoh42gkDW3ME=
-42,45,bI3D/jTTctPAfpdmbSQrpZZRa3M=,lZ2m7pK6BriPpNbIoh42gkDW3ME=
-47,46,bI3D/jTTctPAfpdmbSQrpZZRa3M=,lZ2m7pK6BriPpNbIoh42gkDW3ME=
-46,46,bI3D/jTTctPAfpdmbSQrpZZRa3M=,lZ2m7pK6BriPpNbIoh42gkDW3ME=
-45,46,bI3D/jTTctPAfpdmbSQrpZZRa3M=,lZ2m7pK6BriPpNbIoh42gkDW3ME=
-44,46,bI3D/jTTctPAfpdmbSQrpZZRa3M=,lZ2m7pK6BriPpNbIoh42gkDW3ME=
-45,40,bI3D/jTTctPAfpdmbSQrpZZRa3M=,lZ2m7pK6BriPpNbIoh42gkDW3ME=
-44,40,bI3D/jTTctPAfpdmbSQrpZZRa3M=,lZ2m7pK6BriPpNbIoh42gkDW3ME=
-43,40,bI3D/jTTctPAfpdmbSQrpZZRa3M=,lZ2m7pK6BriPpNbIoh42gkDW3ME=
-42,40,bI3D/jTTctPAfpdmbSQrpZZRa3M=,lZ2m7pK6BriPpNbIoh42gkDW3ME=
-43,39,bI3D/jTTctPAfpdmbSQrpZZRa3M=,7vT7A25QnxZfWD79FLaUIcVWgD8=
-41,37,bI3D/jTTctPAfpdmbSQrpZZRa3M=,7vT7A25QnxZfWD79FLaUIcVWgD8=
-34,38,bI3D/jTTctPAfpdmbSQrpZZRa3M=,7vT7A25QnxZfWD79FLaUIcVWgD8=
-33,38,bI3D/jTTctPAfpdmbSQrpZZRa3M=,7vT7A25QnxZfWD79FLaUIcVWgD8=
-41,36,bI3D/jTTctPAfpdmbSQrpZZRa3M=,7vT7A25QnxZfWD79FLaUIcVWgD8=
-41,38,bI3D/jTTctPAfpdmbSQrpZZRa3M=,7vT7A25QnxZfWD79FLaUIcVWgD8=
-41,35,bI3D/jTTctPAfpdmbSQrpZZRa3M=,7vT7A25QnxZfWD79FLaUIcVWgD8=
-36,33,bI3D/jTTctPAfpdmbSQrpZZRa3M=,7vT7A25QnxZfWD79FLaUIcVWgD8=
-35,33,bI3D/jTTctPAfpdmbSQrpZZRa3M=,7vT7A25QnxZfWD79FLaUIcVWgD8=
-40,34,bI3D/jTTctPAfpdmbSQrpZZRa3M=,7vT7A25QnxZfWD79FLaUIcVWgD8=
-37,34,bI3D/jTTctPAfpdmbSQrpZZRa3M=,7vT7A25QnxZfWD79FLaUIcVWgD8=
-36,34,bI3D/jTTctPAfpdmbSQrpZZRa3M=,7vT7A25QnxZfWD79FLaUIcVWgD8=
-41,33,bI3D/jTTctPAfpdmbSQrpZZRa3M=,7vT7A25QnxZfWD79FLaUIcVWgD8=
-40,35,bI3D/jTTctPAfpdmbSQrpZZRa3M=,7vT7A25QnxZfWD79FLaUIcVWgD8=
-39,35,bI3D/jTTctPAfpdmbSQrpZZRa3M=,7vT7A25QnxZfWD79FLaUIcVWgD8=
-38,35,bI3D/jTTctPAfpdmbSQrpZZRa3M=,7vT7A25QnxZfWD79FLaUIcVWgD8=
-37,35,bI3D/jTTctPAfpdmbSQrpZZRa3M=,7vT7A25QnxZfWD79FLaUIcVWgD8=
-36,35,bI3D/jTTctPAfpdmbSQrpZZRa3M=,7vT7A25QnxZfWD79FLaUIcVWgD8=
-40,36,bI3D/jTTctPAfpdmbSQrpZZRa3M=,7vT7A25QnxZfWD79FLaUIcVWgD8=
-39,36,bI3D/jTTctPAfpdmbSQrpZZRa3M=,7vT7A25QnxZfWD79FLaUIcVWgD8=
-38,36,bI3D/jTTctPAfpdmbSQrpZZRa3M=,7vT7A25QnxZfWD79FLaUIcVWgD8=
-37,36,bI3D/jTTctPAfpdmbSQrpZZRa3M=,7vT7A25QnxZfWD79FLaUIcVWgD8=
-36,36,bI3D/jTTctPAfpdmbSQrpZZRa3M=,7vT7A25QnxZfWD79FLaUIcVWgD8=
-40,37,bI3D/jTTctPAfpdmbSQrpZZRa3M=,7vT7A25QnxZfWD79FLaUIcVWgD8=
-39,37,bI3D/jTTctPAfpdmbSQrpZZRa3M=,7vT7A25QnxZfWD79FLaUIcVWgD8=
-38,37,bI3D/jTTctPAfpdmbSQrpZZRa3M=,7vT7A25QnxZfWD79FLaUIcVWgD8=
-37,37,bI3D/jTTctPAfpdmbSQrpZZRa3M=,7vT7A25QnxZfWD79FLaUIcVWgD8=
-33,37,bI3D/jTTctPAfpdmbSQrpZZRa3M=,7vT7A25QnxZfWD79FLaUIcVWgD8=
-40,38,bI3D/jTTctPAfpdmbSQrpZZRa3M=,7vT7A25QnxZfWD79FLaUIcVWgD8=
-41,34,bI3D/jTTctPAfpdmbSQrpZZRa3M=,7vT7A25QnxZfWD79FLaUIcVWgD8=
-39,38,bI3D/jTTctPAfpdmbSQrpZZRa3M=,7vT7A25QnxZfWD79FLaUIcVWgD8=
-38,38,bI3D/jTTctPAfpdmbSQrpZZRa3M=,7vT7A25QnxZfWD79FLaUIcVWgD8=
-37,38,bI3D/jTTctPAfpdmbSQrpZZRa3M=,7vT7A25QnxZfWD79FLaUIcVWgD8=
-40,42,bI3D/jTTctPAfpdmbSQrpZZRa3M=,7vT7A25QnxZfWD79FLaUIcVWgD8=
-39,42,bI3D/jTTctPAfpdmbSQrpZZRa3M=,7vT7A25QnxZfWD79FLaUIcVWgD8=
-40,43,bI3D/jTTctPAfpdmbSQrpZZRa3M=,7vT7A25QnxZfWD79FLaUIcVWgD8=
-39,43,bI3D/jTTctPAfpdmbSQrpZZRa3M=,7vT7A25QnxZfWD79FLaUIcVWgD8=
-38,43,bI3D/jTTctPAfpdmbSQrpZZRa3M=,7vT7A25QnxZfWD79FLaUIcVWgD8=
-41,41,bI3D/jTTctPAfpdmbSQrpZZRa3M=,lZ2m7pK6BriPpNbIoh42gkDW3ME=
-41,42,bI3D/jTTctPAfpdmbSQrpZZRa3M=,lZ2m7pK6BriPpNbIoh42gkDW3ME=
-41,39,bI3D/jTTctPAfpdmbSQrpZZRa3M=,7vT7A25QnxZfWD79FLaUIcVWgD8=
-40,44,bI3D/jTTctPAfpdmbSQrpZZRa3M=,7vT7A25QnxZfWD79FLaUIcVWgD8=
-39,44,bI3D/jTTctPAfpdmbSQrpZZRa3M=,7vT7A25QnxZfWD79FLaUIcVWgD8=
-38,44,bI3D/jTTctPAfpdmbSQrpZZRa3M=,7vT7A25QnxZfWD79FLaUIcVWgD8=
-37,44,bI3D/jTTctPAfpdmbSQrpZZRa3M=,7vT7A25QnxZfWD79FLaUIcVWgD8=
-41,43,bI3D/jTTctPAfpdmbSQrpZZRa3M=,lZ2m7pK6BriPpNbIoh42gkDW3ME=
-40,45,bI3D/jTTctPAfpdmbSQrpZZRa3M=,7vT7A25QnxZfWD79FLaUIcVWgD8=
-40,39,bI3D/jTTctPAfpdmbSQrpZZRa3M=,7vT7A25QnxZfWD79FLaUIcVWgD8=
-39,39,bI3D/jTTctPAfpdmbSQrpZZRa3M=,7vT7A25QnxZfWD79FLaUIcVWgD8=
-39,45,bI3D/jTTctPAfpdmbSQrpZZRa3M=,7vT7A25QnxZfWD79FLaUIcVWgD8=
-38,45,bI3D/jTTctPAfpdmbSQrpZZRa3M=,7vT7A25QnxZfWD79FLaUIcVWgD8=
-38,39,bI3D/jTTctPAfpdmbSQrpZZRa3M=,7vT7A25QnxZfWD79FLaUIcVWgD8=
-41,44,bI3D/jTTctPAfpdmbSQrpZZRa3M=,lZ2m7pK6BriPpNbIoh42gkDW3ME=
-37,39,bI3D/jTTctPAfpdmbSQrpZZRa3M=,7vT7A25QnxZfWD79FLaUIcVWgD8=
-34,39,bI3D/jTTctPAfpdmbSQrpZZRa3M=,7vT7A25QnxZfWD79FLaUIcVWgD8=
-33,39,bI3D/jTTctPAfpdmbSQrpZZRa3M=,7vT7A25QnxZfWD79FLaUIcVWgD8=
-41,45,bI3D/jTTctPAfpdmbSQrpZZRa3M=,lZ2m7pK6BriPpNbIoh42gkDW3ME=
-40,40,bI3D/jTTctPAfpdmbSQrpZZRa3M=,7vT7A25QnxZfWD79FLaUIcVWgD8=
-38,40,bI3D/jTTctPAfpdmbSQrpZZRa3M=,7vT7A25QnxZfWD79FLaUIcVWgD8=
-39,40,bI3D/jTTctPAfpdmbSQrpZZRa3M=,7vT7A25QnxZfWD79FLaUIcVWgD8=
-41,40,bI3D/jTTctPAfpdmbSQrpZZRa3M=,lZ2m7pK6BriPpNbIoh42gkDW3ME=
-38,41,bI3D/jTTctPAfpdmbSQrpZZRa3M=,7vT7A25QnxZfWD79FLaUIcVWgD8=
-39,41,bI3D/jTTctPAfpdmbSQrpZZRa3M=,7vT7A25QnxZfWD79FLaUIcVWgD8=
-40,41,bI3D/jTTctPAfpdmbSQrpZZRa3M=,7vT7A25QnxZfWD79FLaUIcVWgD8=
-35,40,bI3D/jTTctPAfpdmbSQrpZZRa3M=,7vT7A25QnxZfWD79FLaUIcVWgD8=
-35,39,bI3D/jTTctPAfpdmbSQrpZZRa3M=,7vT7A25QnxZfWD79FLaUIcVWgD8=
-34,40,bI3D/jTTctPAfpdmbSQrpZZRa3M=,7vT7A25QnxZfWD79FLaUIcVWgD8=
-36,38,bI3D/jTTctPAfpdmbSQrpZZRa3M=,7vT7A25QnxZfWD79FLaUIcVWgD8=
-33,40,bI3D/jTTctPAfpdmbSQrpZZRa3M=,7vT7A25QnxZfWD79FLaUIcVWgD8=
-36,41,bI3D/jTTctPAfpdmbSQrpZZRa3M=,7vT7A25QnxZfWD79FLaUIcVWgD8=
-35,41,bI3D/jTTctPAfpdmbSQrpZZRa3M=,7vT7A25QnxZfWD79FLaUIcVWgD8=
-37,41,bI3D/jTTctPAfpdmbSQrpZZRa3M=,7vT7A25QnxZfWD79FLaUIcVWgD8=
-36,39,bI3D/jTTctPAfpdmbSQrpZZRa3M=,7vT7A25QnxZfWD79FLaUIcVWgD8=
-34,47,bI3D/jTTctPAfpdmbSQrpZZRa3M=,7vT7A25QnxZfWD79FLaUIcVWgD8=
-35,38,bI3D/jTTctPAfpdmbSQrpZZRa3M=,7vT7A25QnxZfWD79FLaUIcVWgD8=
-35,32,bI3D/jTTctPAfpdmbSQrpZZRa3M=,7vT7A25QnxZfWD79FLaUIcVWgD8=
-48,33,bI3D/jTTctPAfpdmbSQrpZZRa3M=,7vT7A25QnxZfWD79FLaUIcVWgD8=
-48,38,bI3D/jTTctPAfpdmbSQrpZZRa3M=,7vT7A25QnxZfWD79FLaUIcVWgD8=
-48,37,bI3D/jTTctPAfpdmbSQrpZZRa3M=,7vT7A25QnxZfWD79FLaUIcVWgD8=
-48,36,bI3D/jTTctPAfpdmbSQrpZZRa3M=,7vT7A25QnxZfWD79FLaUIcVWgD8=
-48,34,bI3D/jTTctPAfpdmbSQrpZZRa3M=,7vT7A25QnxZfWD79FLaUIcVWgD8=
-34,41,bI3D/jTTctPAfpdmbSQrpZZRa3M=,7vT7A25QnxZfWD79FLaUIcVWgD8=
-48,35,bI3D/jTTctPAfpdmbSQrpZZRa3M=,7vT7A25QnxZfWD79FLaUIcVWgD8=
-36,40,bI3D/jTTctPAfpdmbSQrpZZRa3M=,7vT7A25QnxZfWD79FLaUIcVWgD8=
-37,40,bI3D/jTTctPAfpdmbSQrpZZRa3M=,7vT7A25QnxZfWD79FLaUIcVWgD8=
-34,37,bI3D/jTTctPAfpdmbSQrpZZRa3M=,7vT7A25QnxZfWD79FLaUIcVWgD8=
-35,36,bI3D/jTTctPAfpdmbSQrpZZRa3M=,7vT7A25QnxZfWD79FLaUIcVWgD8=
-48,41,bI3D/jTTctPAfpdmbSQrpZZRa3M=,lZ2m7pK6BriPpNbIoh42gkDW3ME=
-48,42,bI3D/jTTctPAfpdmbSQrpZZRa3M=,lZ2m7pK6BriPpNbIoh42gkDW3ME=
-48,43,bI3D/jTTctPAfpdmbSQrpZZRa3M=,lZ2m7pK6BriPpNbIoh42gkDW3ME=
-48,40,bI3D/jTTctPAfpdmbSQrpZZRa3M=,lZ2m7pK6BriPpNbIoh42gkDW3ME=
-48,39,bI3D/jTTctPAfpdmbSQrpZZRa3M=,7vT7A25QnxZfWD79FLaUIcVWgD8=
-48,44,bI3D/jTTctPAfpdmbSQrpZZRa3M=,lZ2m7pK6BriPpNbIoh42gkDW3ME=
-48,45,bI3D/jTTctPAfpdmbSQrpZZRa3M=,lZ2m7pK6BriPpNbIoh42gkDW3ME=
-48,46,bI3D/jTTctPAfpdmbSQrpZZRa3M=,lZ2m7pK6BriPpNbIoh42gkDW3ME=
-38,42,bI3D/jTTctPAfpdmbSQrpZZRa3M=,7vT7A25QnxZfWD79FLaUIcVWgD8=
-33,41,bI3D/jTTctPAfpdmbSQrpZZRa3M=,7vT7A25QnxZfWD79FLaUIcVWgD8=
-35,37,bI3D/jTTctPAfpdmbSQrpZZRa3M=,7vT7A25QnxZfWD79FLaUIcVWgD8=
-35,47,bI3D/jTTctPAfpdmbSQrpZZRa3M=,7vT7A25QnxZfWD79FLaUIcVWgD8=
-36,37,bI3D/jTTctPAfpdmbSQrpZZRa3M=,7vT7A25QnxZfWD79FLaUIcVWgD8=
-37,42,bI3D/jTTctPAfpdmbSQrpZZRa3M=,7vT7A25QnxZfWD79FLaUIcVWgD8=
-33,43,bI3D/jTTctPAfpdmbSQrpZZRa3M=,7vT7A25QnxZfWD79FLaUIcVWgD8=
-35,42,bI3D/jTTctPAfpdmbSQrpZZRa3M=,7vT7A25QnxZfWD79FLaUIcVWgD8=
-36,42,bI3D/jTTctPAfpdmbSQrpZZRa3M=,7vT7A25QnxZfWD79FLaUIcVWgD8=
-33,36,bI3D/jTTctPAfpdmbSQrpZZRa3M=,7vT7A25QnxZfWD79FLaUIcVWgD8=
-34,36,bI3D/jTTctPAfpdmbSQrpZZRa3M=,7vT7A25QnxZfWD79FLaUIcVWgD8=
-36,44,bI3D/jTTctPAfpdmbSQrpZZRa3M=,7vT7A25QnxZfWD79FLaUIcVWgD8=
-33,47,bI3D/jTTctPAfpdmbSQrpZZRa3M=,7vT7A25QnxZfWD79FLaUIcVWgD8=
-36,47,bI3D/jTTctPAfpdmbSQrpZZRa3M=,7vT7A25QnxZfWD79FLaUIcVWgD8=
-35,44,bI3D/jTTctPAfpdmbSQrpZZRa3M=,7vT7A25QnxZfWD79FLaUIcVWgD8=
-33,46,bI3D/jTTctPAfpdmbSQrpZZRa3M=,7vT7A25QnxZfWD79FLaUIcVWgD8=
-37,43,bI3D/jTTctPAfpdmbSQrpZZRa3M=,7vT7A25QnxZfWD79FLaUIcVWgD8=
-34,43,bI3D/jTTctPAfpdmbSQrpZZRa3M=,7vT7A25QnxZfWD79FLaUIcVWgD8=
-44,32,bI3D/jTTctPAfpdmbSQrpZZRa3M=,7vT7A25QnxZfWD79FLaUIcVWgD8=
-46,32,bI3D/jTTctPAfpdmbSQrpZZRa3M=,7vT7A25QnxZfWD79FLaUIcVWgD8=
-43,32,bI3D/jTTctPAfpdmbSQrpZZRa3M=,7vT7A25QnxZfWD79FLaUIcVWgD8=
-34,42,bI3D/jTTctPAfpdmbSQrpZZRa3M=,7vT7A25QnxZfWD79FLaUIcVWgD8=
-48,32,bI3D/jTTctPAfpdmbSQrpZZRa3M=,7vT7A25QnxZfWD79FLaUIcVWgD8=
-36,43,bI3D/jTTctPAfpdmbSQrpZZRa3M=,7vT7A25QnxZfWD79FLaUIcVWgD8=
-35,43,bI3D/jTTctPAfpdmbSQrpZZRa3M=,7vT7A25QnxZfWD79FLaUIcVWgD8=
-33,42,bI3D/jTTctPAfpdmbSQrpZZRa3M=,7vT7A25QnxZfWD79FLaUIcVWgD8=
-36,45,bI3D/jTTctPAfpdmbSQrpZZRa3M=,7vT7A25QnxZfWD79FLaUIcVWgD8=
-34,44,bI3D/jTTctPAfpdmbSQrpZZRa3M=,7vT7A25QnxZfWD79FLaUIcVWgD8=
-35,45,bI3D/jTTctPAfpdmbSQrpZZRa3M=,7vT7A25QnxZfWD79FLaUIcVWgD8=
-34,46,bI3D/jTTctPAfpdmbSQrpZZRa3M=,7vT7A25QnxZfWD79FLaUIcVWgD8=
-33,44,bI3D/jTTctPAfpdmbSQrpZZRa3M=,7vT7A25QnxZfWD79FLaUIcVWgD8=
-40,32,bI3D/jTTctPAfpdmbSQrpZZRa3M=,7vT7A25QnxZfWD79FLaUIcVWgD8=
-35,46,bI3D/jTTctPAfpdmbSQrpZZRa3M=,7vT7A25QnxZfWD79FLaUIcVWgD8=
-45,32,bI3D/jTTctPAfpdmbSQrpZZRa3M=,7vT7A25QnxZfWD79FLaUIcVWgD8=
-47,32,bI3D/jTTctPAfpdmbSQrpZZRa3M=,7vT7A25QnxZfWD79FLaUIcVWgD8=
-42,32,bI3D/jTTctPAfpdmbSQrpZZRa3M=,7vT7A25QnxZfWD79FLaUIcVWgD8=
-41,32,bI3D/jTTctPAfpdmbSQrpZZRa3M=,7vT7A25QnxZfWD79FLaUIcVWgD8=
-36,46,bI3D/jTTctPAfpdmbSQrpZZRa3M=,7vT7A25QnxZfWD79FLaUIcVWgD8=
-33,45,bI3D/jTTctPAfpdmbSQrpZZRa3M=,7vT7A25QnxZfWD79FLaUIcVWgD8=
-34,45,bI3D/jTTctPAfpdmbSQrpZZRa3M=,7vT7A25QnxZfWD79FLaUIcVWgD8=
-48,47,bI3D/jTTctPAfpdmbSQrpZZRa3M=,lZ2m7pK6BriPpNbIoh42gkDW3ME=
-47,47,bI3D/jTTctPAfpdmbSQrpZZRa3M=,lZ2m7pK6BriPpNbIoh42gkDW3ME=
-40,33,bI3D/jTTctPAfpdmbSQrpZZRa3M=,7vT7A25QnxZfWD79FLaUIcVWgD8=
-43,46,bI3D/jTTctPAfpdmbSQrpZZRa3M=,lZ2m7pK6BriPpNbIoh42gkDW3ME=
-42,46,bI3D/jTTctPAfpdmbSQrpZZRa3M=,lZ2m7pK6BriPpNbIoh42gkDW3ME=
-46,47,bI3D/jTTctPAfpdmbSQrpZZRa3M=,lZ2m7pK6BriPpNbIoh42gkDW3ME=
-41,47,bI3D/jTTctPAfpdmbSQrpZZRa3M=,lZ2m7pK6BriPpNbIoh42gkDW3ME=
-37,45,bI3D/jTTctPAfpdmbSQrpZZRa3M=,7vT7A25QnxZfWD79FLaUIcVWgD8=
-39,34,bI3D/jTTctPAfpdmbSQrpZZRa3M=,7vT7A25QnxZfWD79FLaUIcVWgD8=
-33,32,bI3D/jTTctPAfpdmbSQrpZZRa3M=,7vT7A25QnxZfWD79FLaUIcVWgD8=
-40,46,bI3D/jTTctPAfpdmbSQrpZZRa3M=,7vT7A25QnxZfWD79FLaUIcVWgD8=
-34,32,bI3D/jTTctPAfpdmbSQrpZZRa3M=,7vT7A25QnxZfWD79FLaUIcVWgD8=
-39,46,bI3D/jTTctPAfpdmbSQrpZZRa3M=,7vT7A25QnxZfWD79FLaUIcVWgD8=
-42,47,bI3D/jTTctPAfpdmbSQrpZZRa3M=,lZ2m7pK6BriPpNbIoh42gkDW3ME=
-36,32,bI3D/jTTctPAfpdmbSQrpZZRa3M=,7vT7A25QnxZfWD79FLaUIcVWgD8=
-37,32,bI3D/jTTctPAfpdmbSQrpZZRa3M=,7vT7A25QnxZfWD79FLaUIcVWgD8=
-39,33,bI3D/jTTctPAfpdmbSQrpZZRa3M=,7vT7A25QnxZfWD79FLaUIcVWgD8=
-35,34,bI3D/jTTctPAfpdmbSQrpZZRa3M=,7vT7A25QnxZfWD79FLaUIcVWgD8=
-43,47,bI3D/jTTctPAfpdmbSQrpZZRa3M=,lZ2m7pK6BriPpNbIoh42gkDW3ME=
-38,34,bI3D/jTTctPAfpdmbSQrpZZRa3M=,7vT7A25QnxZfWD79FLaUIcVWgD8=
-38,46,bI3D/jTTctPAfpdmbSQrpZZRa3M=,7vT7A25QnxZfWD79FLaUIcVWgD8=
-37,47,bI3D/jTTctPAfpdmbSQrpZZRa3M=,7vT7A25QnxZfWD79FLaUIcVWgD8=
-37,46,bI3D/jTTctPAfpdmbSQrpZZRa3M=,7vT7A25QnxZfWD79FLaUIcVWgD8=
-41,46,bI3D/jTTctPAfpdmbSQrpZZRa3M=,lZ2m7pK6BriPpNbIoh42gkDW3ME=
-37,33,bI3D/jTTctPAfpdmbSQrpZZRa3M=,7vT7A25QnxZfWD79FLaUIcVWgD8=
-45,47,bI3D/jTTctPAfpdmbSQrpZZRa3M=,lZ2m7pK6BriPpNbIoh42gkDW3ME=
-44,47,bI3D/jTTctPAfpdmbSQrpZZRa3M=,lZ2m7pK6BriPpNbIoh42gkDW3ME=
-39,47,bI3D/jTTctPAfpdmbSQrpZZRa3M=,7vT7A25QnxZfWD79FLaUIcVWgD8=
-40,47,bI3D/jTTctPAfpdmbSQrpZZRa3M=,7vT7A25QnxZfWD79FLaUIcVWgD8=
-34,34,bI3D/jTTctPAfpdmbSQrpZZRa3M=,7vT7A25QnxZfWD79FLaUIcVWgD8=
-33,35,bI3D/jTTctPAfpdmbSQrpZZRa3M=,7vT7A25QnxZfWD79FLaUIcVWgD8=
-38,33,bI3D/jTTctPAfpdmbSQrpZZRa3M=,7vT7A25QnxZfWD79FLaUIcVWgD8=
-38,47,bI3D/jTTctPAfpdmbSQrpZZRa3M=,7vT7A25QnxZfWD79FLaUIcVWgD8=
-35,35,bI3D/jTTctPAfpdmbSQrpZZRa3M=,7vT7A25QnxZfWD79FLaUIcVWgD8=
-33,33,bI3D/jTTctPAfpdmbSQrpZZRa3M=,7vT7A25QnxZfWD79FLaUIcVWgD8=
-39,32,bI3D/jTTctPAfpdmbSQrpZZRa3M=,7vT7A25QnxZfWD79FLaUIcVWgD8=
-34,33,bI3D/jTTctPAfpdmbSQrpZZRa3M=,7vT7A25QnxZfWD79FLaUIcVWgD8=
-33,34,bI3D/jTTctPAfpdmbSQrpZZRa3M=,7vT7A25QnxZfWD79FLaUIcVWgD8=
-34,35,bI3D/jTTctPAfpdmbSQrpZZRa3M=,7vT7A25QnxZfWD79FLaUIcVWgD8=
-38,32,bI3D/jTTctPAfpdmbSQrpZZRa3M=,7vT7A25QnxZfWD79FLaUIcVWgD8=
