1,77,v2cugUrmy6HhQNGas6DWC4ubB+k=,7vT7A25QnxZfWD79FLaUIcVWgD8=
2,77,v2cugUrmy6HhQNGas6DWC4ubB+k=,7vT7A25QnxZfWD79FLaUIcVWgD8=
3,77,v2cugUrmy6HhQNGas6DWC4ubB+k=,7vT7A25QnxZfWD79FLaUIcVWgD8=
4,77,v2cugUrmy6HhQNGas6DWC4ubB+k=,7vT7A25QnxZfWD79FLaUIcVWgD8=
5,77,v2cugUrmy6HhQNGas6DWC4ubB+k=,7vT7A25QnxZfWD79FLaUIcVWgD8=
6,77,0OrmtkSpHwypP4fkOZJqraucQjk=,7vT7A25QnxZfWD79FLaUIcVWgD8=
6,76,0OrmtkSpHwypP4fkOZJqraucQjk=,7vT7A25QnxZfWD79FLaUIcVWgD8=
5,76,0OrmtkSpHwypP4fkOZJqraucQjk=,7vT7A25QnxZfWD79FLaUIcVWgD8=
4,76,0OrmtkSpHwypP4fkOZJqraucQjk=,7vT7A25QnxZfWD79FLaUIcVWgD8=
3,76,0OrmtkSpHwypP4fkOZJqraucQjk=,7vT7A25QnxZfWD79FLaUIcVWgD8=
2,76,0OrmtkSpHwypP4fkOZJqraucQjk=,7vT7A25QnxZfWD79FLaUIcVWgD8=
1,76,WSvsGsrWFnDT7/4l4gOn2RfgJn4=,7vT7A25QnxZfWD79FLaUIcVWgD8=
4,75,WSvsGsrWFnDT7/4l4gOn2RfgJn4=,7vT7A25QnxZfWD79FLaUIcVWgD8=
2,75,WSvsGsrWFnDT7/4l4gOn2RfgJn4=,7vT7A25QnxZfWD79FLaUIcVWgD8=
3,75,WSvsGsrWFnDT7/4l4gOn2RfgJn4=,7vT7A25QnxZfWD79FLaUIcVWgD8=
1,75,WSvsGsrWFnDT7/4l4gOn2RfgJn4=,7vT7A25QnxZfWD79FLaUIcVWgD8=
3,74,WSvsGsrWFnDT7/4l4gOn2RfgJn4=,7vT7A25QnxZfWD79FLaUIcVWgD8=
4,74,WSvsGsrWFnDT7/4l4gOn2RfgJn4=,7vT7A25QnxZfWD79FLaUIcVWgD8=
2,74,WSvsGsrWFnDT7/4l4gOn2RfgJn4=,7vT7A25QnxZfWD79FLaUIcVWgD8=
1,74,WSvsGsrWFnDT7/4l4gOn2RfgJn4=,7vT7A25QnxZfWD79FLaUIcVWgD8=
4,73,WSvsGsrWFnDT7/4l4gOn2RfgJn4=,7vT7A25QnxZfWD79FLaUIcVWgD8=
3,73,WSvsGsrWFnDT7/4l4gOn2RfgJn4=,7vT7A25QnxZfWD79FLaUIcVWgD8=
2,73,WSvsGsrWFnDT7/4l4gOn2RfgJn4=,7vT7A25QnxZfWD79FLaUIcVWgD8=
1,73,WSvsGsrWFnDT7/4l4gOn2RfgJn4=,7vT7A25QnxZfWD79FLaUIcVWgD8=
6,78,WSvsGsrWFnDT7/4l4gOn2RfgJn4=,7vT7A25QnxZfWD79FLaUIcVWgD8=
5,78,WSvsGsrWFnDT7/4l4gOn2RfgJn4=,7vT7A25QnxZfWD79FLaUIcVWgD8=
4,78,WSvsGsrWFnDT7/4l4gOn2RfgJn4=,7vT7A25QnxZfWD79FLaUIcVWgD8=
3,78,WSvsGsrWFnDT7/4l4gOn2RfgJn4=,7vT7A25QnxZfWD79FLaUIcVWgD8=
2,78,WSvsGsrWFnDT7/4l4gOn2RfgJn4=,7vT7A25QnxZfWD79FLaUIcVWgD8=
4,70,WSvsGsrWFnDT7/4l4gOn2RfgJn4=,7vT7A25QnxZfWD79FLaUIcVWgD8=
1,78,WSvsGsrWFnDT7/4l4gOn2RfgJn4=,7vT7A25QnxZfWD79FLaUIcVWgD8=
4,69,WSvsGsrWFnDT7/4l4gOn2RfgJn4=,7vT7A25QnxZfWD79FLaUIcVWgD8=
5,69,WSvsGsrWFnDT7/4l4gOn2RfgJn4=,7vT7A25QnxZfWD79FLaUIcVWgD8=
1,71,WSvsGsrWFnDT7/4l4gOn2RfgJn4=,7vT7A25QnxZfWD79FLaUIcVWgD8=
2,71,WSvsGsrWFnDT7/4l4gOn2RfgJn4=,7vT7A25QnxZfWD79FLaUIcVWgD8=
2,68,WSvsGsrWFnDT7/4l4gOn2RfgJn4=,7vT7A25QnxZfWD79FLaUIcVWgD8=
3,71,WSvsGsrWFnDT7/4l4gOn2RfgJn4=,7vT7A25QnxZfWD79FLaUIcVWgD8=
4,71,WSvsGsrWFnDT7/4l4gOn2RfgJn4=,7vT7A25QnxZfWD79FLaUIcVWgD8=
1,72,WSvsGsrWFnDT7/4l4gOn2RfgJn4=,7vT7A25QnxZfWD79FLaUIcVWgD8=
2,72,WSvsGsrWFnDT7/4l4gOn2RfgJn4=,7vT7A25QnxZfWD79FLaUIcVWgD8=
1,67,WSvsGsrWFnDT7/4l4gOn2RfgJn4=,7vT7A25QnxZfWD79FLaUIcVWgD8=
1,66,WSvsGsrWFnDT7/4l4gOn2RfgJn4=,7vT7A25QnxZfWD79FLaUIcVWgD8=
3,72,WSvsGsrWFnDT7/4l4gOn2RfgJn4=,7vT7A25QnxZfWD79FLaUIcVWgD8=
4,72,WSvsGsrWFnDT7/4l4gOn2RfgJn4=,7vT7A25QnxZfWD79FLaUIcVWgD8=
2,66,WSvsGsrWFnDT7/4l4gOn2RfgJn4=,7vT7A25QnxZfWD79FLaUIcVWgD8=
3,66,WSvsGsrWFnDT7/4l4gOn2RfgJn4=,7vT7A25QnxZfWD79FLaUIcVWgD8=
3,68,WSvsGsrWFnDT7/4l4gOn2RfgJn4=,7vT7A25QnxZfWD79FLaUIcVWgD8=
4,66,WSvsGsrWFnDT7/4l4gOn2RfgJn4=,7vT7A25QnxZfWD79FLaUIcVWgD8=
2,67,WSvsGsrWFnDT7/4l4gOn2RfgJn4=,7vT7A25QnxZfWD79FLaUIcVWgD8=
1,65,WSvsGsrWFnDT7/4l4gOn2RfgJn4=,7vT7A25QnxZfWD79FLaUIcVWgD8=
4,68,WSvsGsrWFnDT7/4l4gOn2RfgJn4=,7vT7A25QnxZfWD79FLaUIcVWgD8=
5,66,WSvsGsrWFnDT7/4l4gOn2RfgJn4=,7vT7A25QnxZfWD79FLaUIcVWgD8=
2,65,WSvsGsrWFnDT7/4l4gOn2RfgJn4=,7vT7A25QnxZfWD79FLaUIcVWgD8=
3,65,WSvsGsrWFnDT7/4l4gOn2RfgJn4=,7vT7A25QnxZfWD79FLaUIcVWgD8=
6,66,WSvsGsrWFnDT7/4l4gOn2RfgJn4=,7vT7A25QnxZfWD79FLaUIcVWgD8=
4,65,WSvsGsrWFnDT7/4l4gOn2RfgJn4=,7vT7A25QnxZfWD79FLaUIcVWgD8=
5,68,WSvsGsrWFnDT7/4l4gOn2RfgJn4=,7vT7A25QnxZfWD79FLaUIcVWgD8=
3,67,WSvsGsrWFnDT7/4l4gOn2RfgJn4=,7vT7A25QnxZfWD79FLaUIcVWgD8=
4,67,WSvsGsrWFnDT7/4l4gOn2RfgJn4=,7vT7A25QnxZfWD79FLaUIcVWgD8=
5,67,WSvsGsrWFnDT7/4l4gOn2RfgJn4=,7vT7A25QnxZfWD79FLaUIcVWgD8=
6,67,WSvsGsrWFnDT7/4l4gOn2RfgJn4=,7vT7A25QnxZfWD79FLaUIcVWgD8=
6,68,WSvsGsrWFnDT7/4l4gOn2RfgJn4=,7vT7A25QnxZfWD79FLaUIcVWgD8=
5,65,WSvsGsrWFnDT7/4l4gOn2RfgJn4=,7vT7A25QnxZfWD79FLaUIcVWgD8=
1,68,WSvsGsrWFnDT7/4l4gOn2RfgJn4=,7vT7A25QnxZfWD79FLaUIcVWgD8=
6,65,WSvsGsrWFnDT7/4l4gOn2RfgJn4=,7vT7A25QnxZfWD79FLaUIcVWgD8=
2,69,WSvsGsrWFnDT7/4l4gOn2RfgJn4=,7vT7A25QnxZfWD79FLaUIcVWgD8=
1,69,WSvsGsrWFnDT7/4l4gOn2RfgJn4=,7vT7A25QnxZfWD79FLaUIcVWgD8=
3,69,WSvsGsrWFnDT7/4l4gOn2RfgJn4=,7vT7A25QnxZfWD79FLaUIcVWgD8=
1,70,WSvsGsrWFnDT7/4l4gOn2RfgJn4=,7vT7A25QnxZfWD79FLaUIcVWgD8=
2,70,WSvsGsrWFnDT7/4l4gOn2RfgJn4=,7vT7A25QnxZfWD79FLaUIcVWgD8=
3,70,WSvsGsrWFnDT7/4l4gOn2RfgJn4=,7vT7A25QnxZfWD79FLaUIcVWgD8=
7,77,WSvsGsrWFnDT7/4l4gOn2RfgJn4=,7vT7A25QnxZfWD79FLaUIcVWgD8=
7,78,WSvsGsrWFnDT7/4l4gOn2RfgJn4=,7vT7A25QnxZfWD79FLaUIcVWgD8=
9,65,WSvsGsrWFnDT7/4l4gOn2RfgJn4=,7vT7A25QnxZfWD79FLaUIcVWgD8=
8,65,WSvsGsrWFnDT7/4l4gOn2RfgJn4=,7vT7A25QnxZfWD79FLaUIcVWgD8=
11,65,WSvsGsrWFnDT7/4l4gOn2RfgJn4=,7vT7A25QnxZfWD79FLaUIcVWgD8=
10,65,WSvsGsrWFnDT7/4l4gOn2RfgJn4=,7vT7A25QnxZfWD79FLaUIcVWgD8=
12,65,WSvsGsrWFnDT7/4l4gOn2RfgJn4=,7vT7A25QnxZfWD79FLaUIcVWgD8=
13,65,WSvsGsrWFnDT7/4l4gOn2RfgJn4=,7vT7A25QnxZfWD79FLaUIcVWgD8=
14,65,WSvsGsrWFnDT7/4l4gOn2RfgJn4=,7vT7A25QnxZfWD79FLaUIcVWgD8=
15,65,WSvsGsrWFnDT7/4l4gOn2RfgJn4=,7vT7A25QnxZfWD79FLaUIcVWgD8=
9,64,WSvsGsrWFnDT7/4l4gOn2RfgJn4=,7vT7A25QnxZfWD79FLaUIcVWgD8=
10,64,WSvsGsrWFnDT7/4l4gOn2RfgJn4=,7vT7A25QnxZfWD79FLaUIcVWgD8=
11,64,WSvsGsrWFnDT7/4l4gOn2RfgJn4=,7vT7A25QnxZfWD79FLaUIcVWgD8=
12,64,WSvsGsrWFnDT7/4l4gOn2RfgJn4=,7vT7A25QnxZfWD79FLaUIcVWgD8=
13,64,WSvsGsrWFnDT7/4l4gOn2RfgJn4=,7vT7A25QnxZfWD79FLaUIcVWgD8=
14,64,WSvsGsrWFnDT7/4l4gOn2RfgJn4=,7vT7A25QnxZfWD79FLaUIcVWgD8=
1,79,WSvsGsrWFnDT7/4l4gOn2RfgJn4=,7vT7A25QnxZfWD79FLaUIcVWgD8=
2,79,WSvsGsrWFnDT7/4l4gOn2RfgJn4=,7vT7A25QnxZfWD79FLaUIcVWgD8=
3,79,WSvsGsrWFnDT7/4l4gOn2RfgJn4=,7vT7A25QnxZfWD79FLaUIcVWgD8=
4,79,WSvsGsrWFnDT7/4l4gOn2RfgJn4=,7vT7A25QnxZfWD79FLaUIcVWgD8=
5,79,WSvsGsrWFnDT7/4l4gOn2RfgJn4=,7vT7A25QnxZfWD79FLaUIcVWgD8=
6,79,WSvsGsrWFnDT7/4l4gOn2RfgJn4=,7vT7A25QnxZfWD79FLaUIcVWgD8=
7,72,WSvsGsrWFnDT7/4l4gOn2RfgJn4=,7vT7A25QnxZfWD79FLaUIcVWgD8=
7,76,WSvsGsrWFnDT7/4l4gOn2RfgJn4=,7vT7A25QnxZfWD79FLaUIcVWgD8=
7,79,WSvsGsrWFnDT7/4l4gOn2RfgJn4=,7vT7A25QnxZfWD79FLaUIcVWgD8=
8,79,WSvsGsrWFnDT7/4l4gOn2RfgJn4=,7vT7A25QnxZfWD79FLaUIcVWgD8=
9,79,WSvsGsrWFnDT7/4l4gOn2RfgJn4=,7vT7A25QnxZfWD79FLaUIcVWgD8=
10,79,WSvsGsrWFnDT7/4l4gOn2RfgJn4=,7vT7A25QnxZfWD79FLaUIcVWgD8=
2,64,WSvsGsrWFnDT7/4l4gOn2RfgJn4=,7vT7A25QnxZfWD79FLaUIcVWgD8=
4,64,WSvsGsrWFnDT7/4l4gOn2RfgJn4=,7vT7A25QnxZfWD79FLaUIcVWgD8=
8,64,WSvsGsrWFnDT7/4l4gOn2RfgJn4=,7vT7A25QnxZfWD79FLaUIcVWgD8=
6,64,WSvsGsrWFnDT7/4l4gOn2RfgJn4=,7vT7A25QnxZfWD79FLaUIcVWgD8=
1,64,WSvsGsrWFnDT7/4l4gOn2RfgJn4=,7vT7A25QnxZfWD79FLaUIcVWgD8=
3,64,WSvsGsrWFnDT7/4l4gOn2RfgJn4=,7vT7A25QnxZfWD79FLaUIcVWgD8=
5,64,WSvsGsrWFnDT7/4l4gOn2RfgJn4=,7vT7A25QnxZfWD79FLaUIcVWgD8=
7,64,WSvsGsrWFnDT7/4l4gOn2RfgJn4=,7vT7A25QnxZfWD79FLaUIcVWgD8=
7,71,WSvsGsrWFnDT7/4l4gOn2RfgJn4=,7vT7A25QnxZfWD79FLaUIcVWgD8=
11,78,WSvsGsrWFnDT7/4l4gOn2RfgJn4=,7vT7A25QnxZfWD79FLaUIcVWgD8=
11,79,WSvsGsrWFnDT7/4l4gOn2RfgJn4=,7vT7A25QnxZfWD79FLaUIcVWgD8=
0,77,WSvsGsrWFnDT7/4l4gOn2RfgJn4=,7vT7A25QnxZfWD79FLaUIcVWgD8=
0,78,WSvsGsrWFnDT7/4l4gOn2RfgJn4=,7vT7A25QnxZfWD79FLaUIcVWgD8=
0,73,WSvsGsrWFnDT7/4l4gOn2RfgJn4=,7vT7A25QnxZfWD79FLaUIcVWgD8=
0,74,WSvsGsrWFnDT7/4l4gOn2RfgJn4=,7vT7A25QnxZfWD79FLaUIcVWgD8=
0,75,WSvsGsrWFnDT7/4l4gOn2RfgJn4=,7vT7A25QnxZfWD79FLaUIcVWgD8=
0,76,WSvsGsrWFnDT7/4l4gOn2RfgJn4=,7vT7A25QnxZfWD79FLaUIcVWgD8=
0,65,WSvsGsrWFnDT7/4l4gOn2RfgJn4=,7vT7A25QnxZfWD79FLaUIcVWgD8=
0,71,WSvsGsrWFnDT7/4l4gOn2RfgJn4=,7vT7A25QnxZfWD79FLaUIcVWgD8=
0,67,WSvsGsrWFnDT7/4l4gOn2RfgJn4=,7vT7A25QnxZfWD79FLaUIcVWgD8=
0,66,WSvsGsrWFnDT7/4l4gOn2RfgJn4=,7vT7A25QnxZfWD79FLaUIcVWgD8=
0,72,WSvsGsrWFnDT7/4l4gOn2RfgJn4=,7vT7A25QnxZfWD79FLaUIcVWgD8=
0,64,WSvsGsrWFnDT7/4l4gOn2RfgJn4=,7vT7A25QnxZfWD79FLaUIcVWgD8=
0,68,WSvsGsrWFnDT7/4l4gOn2RfgJn4=,7vT7A25QnxZfWD79FLaUIcVWgD8=
0,69,WSvsGsrWFnDT7/4l4gOn2RfgJn4=,7vT7A25QnxZfWD79FLaUIcVWgD8=
0,70,WSvsGsrWFnDT7/4l4gOn2RfgJn4=,7vT7A25QnxZfWD79FLaUIcVWgD8=
0,79,WSvsGsrWFnDT7/4l4gOn2RfgJn4=,7vT7A25QnxZfWD79FLaUIcVWgD8=
12,79,WSvsGsrWFnDT7/4l4gOn2RfgJn4=,7vT7A25QnxZfWD79FLaUIcVWgD8=
10,78,WSvsGsrWFnDT7/4l4gOn2RfgJn4=,7vT7A25QnxZfWD79FLaUIcVWgD8=
9,78,WSvsGsrWFnDT7/4l4gOn2RfgJn4=,7vT7A25QnxZfWD79FLaUIcVWgD8=
8,78,WSvsGsrWFnDT7/4l4gOn2RfgJn4=,7vT7A25QnxZfWD79FLaUIcVWgD8=
8,76,WSvsGsrWFnDT7/4l4gOn2RfgJn4=,7vT7A25QnxZfWD79FLaUIcVWgD8=
13,79,WSvsGsrWFnDT7/4l4gOn2RfgJn4=,7vT7A25QnxZfWD79FLaUIcVWgD8=
7,70,WSvsGsrWFnDT7/4l4gOn2RfgJn4=,7vT7A25QnxZfWD79FLaUIcVWgD8=
7,69,WSvsGsrWFnDT7/4l4gOn2RfgJn4=,7vT7A25QnxZfWD79FLaUIcVWgD8=
8,77,WSvsGsrWFnDT7/4l4gOn2RfgJn4=,7vT7A25QnxZfWD79FLaUIcVWgD8=
15,64,WSvsGsrWFnDT7/4l4gOn2RfgJn4=,7vT7A25QnxZfWD79FLaUIcVWgD8=
11,77,WSvsGsrWFnDT7/4l4gOn2RfgJn4=,7vT7A25QnxZfWD79FLaUIcVWgD8=
9,76,WSvsGsrWFnDT7/4l4gOn2RfgJn4=,7vT7A25QnxZfWD79FLaUIcVWgD8=
7,65,WSvsGsrWFnDT7/4l4gOn2RfgJn4=,7vT7A25QnxZfWD79FLaUIcVWgD8=
7,75,WSvsGsrWFnDT7/4l4gOn2RfgJn4=,7vT7A25QnxZfWD79FLaUIcVWgD8=
10,76,WSvsGsrWFnDT7/4l4gOn2RfgJn4=,7vT7A25QnxZfWD79FLaUIcVWgD8=
11,76,WSvsGsrWFnDT7/4l4gOn2RfgJn4=,7vT7A25QnxZfWD79FLaUIcVWgD8=
9,77,WSvsGsrWFnDT7/4l4gOn2RfgJn4=,7vT7A25QnxZfWD79FLaUIcVWgD8=
7,68,WSvsGsrWFnDT7/4l4gOn2RfgJn4=,7vT7A25QnxZfWD79FLaUIcVWgD8=
14,79,WSvsGsrWFnDT7/4l4gOn2RfgJn4=,7vT7A25QnxZfWD79FLaUIcVWgD8=
10,77,WSvsGsrWFnDT7/4l4gOn2RfgJn4=,7vT7A25QnxZfWD79FLaUIcVWgD8=
12,76,WSvsGsrWFnDT7/4l4gOn2RfgJn4=,7vT7A25QnxZfWD79FLaUIcVWgD8=
7,74,WSvsGsrWFnDT7/4l4gOn2RfgJn4=,7vT7A25QnxZfWD79FLaUIcVWgD8=
15,79,WSvsGsrWFnDT7/4l4gOn2RfgJn4=,7vT7A25QnxZfWD79FLaUIcVWgD8=
10,68,WSvsGsrWFnDT7/4l4gOn2RfgJn4=,7vT7A25QnxZfWD79FLaUIcVWgD8=
7,73,WSvsGsrWFnDT7/4l4gOn2RfgJn4=,7vT7A25QnxZfWD79FLaUIcVWgD8=
8,75,WSvsGsrWFnDT7/4l4gOn2RfgJn4=,7vT7A25QnxZfWD79FLaUIcVWgD8=
9,75,WSvsGsrWFnDT7/4l4gOn2RfgJn4=,7vT7A25QnxZfWD79FLaUIcVWgD8=
15,78,WSvsGsrWFnDT7/4l4gOn2RfgJn4=,7vT7A25QnxZfWD79FLaUIcVWgD8=
10,75,WSvsGsrWFnDT7/4l4gOn2RfgJn4=,7vT7A25QnxZfWD79FLaUIcVWgD8=
6,72,WSvsGsrWFnDT7/4l4gOn2RfgJn4=,7vT7A25QnxZfWD79FLaUIcVWgD8=
13,76,WSvsGsrWFnDT7/4l4gOn2RfgJn4=,7vT7A25QnxZfWD79FLaUIcVWgD8=
14,76,WSvsGsrWFnDT7/4l4gOn2RfgJn4=,7vT7A25QnxZfWD79FLaUIcVWgD8=
8,72,WSvsGsrWFnDT7/4l4gOn2RfgJn4=,7vT7A25QnxZfWD79FLaUIcVWgD8=
5,72,WSvsGsrWFnDT7/4l4gOn2RfgJn4=,7vT7A25QnxZfWD79FLaUIcVWgD8=
11,75,WSvsGsrWFnDT7/4l4gOn2RfgJn4=,7vT7A25QnxZfWD79FLaUIcVWgD8=
12,75,WSvsGsrWFnDT7/4l4gOn2RfgJn4=,7vT7A25QnxZfWD79FLaUIcVWgD8=
6,71,WSvsGsrWFnDT7/4l4gOn2RfgJn4=,7vT7A25QnxZfWD79FLaUIcVWgD8=
9,72,WSvsGsrWFnDT7/4l4gOn2RfgJn4=,7vT7A25QnxZfWD79FLaUIcVWgD8=
13,75,WSvsGsrWFnDT7/4l4gOn2RfgJn4=,7vT7A25QnxZfWD79FLaUIcVWgD8=
6,69,WSvsGsrWFnDT7/4l4gOn2RfgJn4=,7vT7A25QnxZfWD79FLaUIcVWgD8=
14,75,WSvsGsrWFnDT7/4l4gOn2RfgJn4=,7vT7A25QnxZfWD79FLaUIcVWgD8=
5,71,WSvsGsrWFnDT7/4l4gOn2RfgJn4=,7vT7A25QnxZfWD79FLaUIcVWgD8=
14,74,WSvsGsrWFnDT7/4l4gOn2RfgJn4=,7vT7A25QnxZfWD79FLaUIcVWgD8=
15,77,WSvsGsrWFnDT7/4l4gOn2RfgJn4=,7vT7A25QnxZfWD79FLaUIcVWgD8=
8,73,WSvsGsrWFnDT7/4l4gOn2RfgJn4=,7vT7A25QnxZfWD79FLaUIcVWgD8=
7,67,WSvsGsrWFnDT7/4l4gOn2RfgJn4=,7vT7A25QnxZfWD79FLaUIcVWgD8=
11,68,WSvsGsrWFnDT7/4l4gOn2RfgJn4=,7vT7A25QnxZfWD79FLaUIcVWgD8=
15,76,WSvsGsrWFnDT7/4l4gOn2RfgJn4=,7vT7A25QnxZfWD79FLaUIcVWgD8=
9,73,WSvsGsrWFnDT7/4l4gOn2RfgJn4=,7vT7A25QnxZfWD79FLaUIcVWgD8=
6,70,WSvsGsrWFnDT7/4l4gOn2RfgJn4=,7vT7A25QnxZfWD79FLaUIcVWgD8=
5,70,WSvsGsrWFnDT7/4l4gOn2RfgJn4=,7vT7A25QnxZfWD79FLaUIcVWgD8=
10,73,WSvsGsrWFnDT7/4l4gOn2RfgJn4=,7vT7A25QnxZfWD79FLaUIcVWgD8=
12,77,WSvsGsrWFnDT7/4l4gOn2RfgJn4=,7vT7A25QnxZfWD79FLaUIcVWgD8=
12,68,WSvsGsrWFnDT7/4l4gOn2RfgJn4=,7vT7A25QnxZfWD79FLaUIcVWgD8=
5,73,WSvsGsrWFnDT7/4l4gOn2RfgJn4=,7vT7A25QnxZfWD79FLaUIcVWgD8=
11,73,WSvsGsrWFnDT7/4l4gOn2RfgJn4=,7vT7A25QnxZfWD79FLaUIcVWgD8=
13,77,WSvsGsrWFnDT7/4l4gOn2RfgJn4=,7vT7A25QnxZfWD79FLaUIcVWgD8=
6,73,WSvsGsrWFnDT7/4l4gOn2RfgJn4=,7vT7A25QnxZfWD79FLaUIcVWgD8=
12,73,WSvsGsrWFnDT7/4l4gOn2RfgJn4=,7vT7A25QnxZfWD79FLaUIcVWgD8=
13,68,WSvsGsrWFnDT7/4l4gOn2RfgJn4=,7vT7A25QnxZfWD79FLaUIcVWgD8=
14,78,WSvsGsrWFnDT7/4l4gOn2RfgJn4=,7vT7A25QnxZfWD79FLaUIcVWgD8=
12,78,WSvsGsrWFnDT7/4l4gOn2RfgJn4=,7vT7A25QnxZfWD79FLaUIcVWgD8=
14,77,WSvsGsrWFnDT7/4l4gOn2RfgJn4=,7vT7A25QnxZfWD79FLaUIcVWgD8=
5,74,WSvsGsrWFnDT7/4l4gOn2RfgJn4=,7vT7A25QnxZfWD79FLaUIcVWgD8=
9,68,WSvsGsrWFnDT7/4l4gOn2RfgJn4=,7vT7A25QnxZfWD79FLaUIcVWgD8=
13,73,WSvsGsrWFnDT7/4l4gOn2RfgJn4=,7vT7A25QnxZfWD79FLaUIcVWgD8=
13,78,WSvsGsrWFnDT7/4l4gOn2RfgJn4=,7vT7A25QnxZfWD79FLaUIcVWgD8=
10,72,WSvsGsrWFnDT7/4l4gOn2RfgJn4=,7vT7A25QnxZfWD79FLaUIcVWgD8=
8,74,WSvsGsrWFnDT7/4l4gOn2RfgJn4=,7vT7A25QnxZfWD79FLaUIcVWgD8=
6,74,WSvsGsrWFnDT7/4l4gOn2RfgJn4=,7vT7A25QnxZfWD79FLaUIcVWgD8=
14,73,WSvsGsrWFnDT7/4l4gOn2RfgJn4=,7vT7A25QnxZfWD79FLaUIcVWgD8=
9,74,WSvsGsrWFnDT7/4l4gOn2RfgJn4=,7vT7A25QnxZfWD79FLaUIcVWgD8=
11,72,WSvsGsrWFnDT7/4l4gOn2RfgJn4=,7vT7A25QnxZfWD79FLaUIcVWgD8=
5,75,WSvsGsrWFnDT7/4l4gOn2RfgJn4=,7vT7A25QnxZfWD79FLaUIcVWgD8=
10,74,WSvsGsrWFnDT7/4l4gOn2RfgJn4=,7vT7A25QnxZfWD79FLaUIcVWgD8=
8,68,WSvsGsrWFnDT7/4l4gOn2RfgJn4=,7vT7A25QnxZfWD79FLaUIcVWgD8=
12,74,WSvsGsrWFnDT7/4l4gOn2RfgJn4=,7vT7A25QnxZfWD79FLaUIcVWgD8=
11,74,WSvsGsrWFnDT7/4l4gOn2RfgJn4=,7vT7A25QnxZfWD79FLaUIcVWgD8=
12,70,WSvsGsrWFnDT7/4l4gOn2RfgJn4=,7vT7A25QnxZfWD79FLaUIcVWgD8=
13,74,WSvsGsrWFnDT7/4l4gOn2RfgJn4=,7vT7A25QnxZfWD79FLaUIcVWgD8=
13,70,WSvsGsrWFnDT7/4l4gOn2RfgJn4=,7vT7A25QnxZfWD79FLaUIcVWgD8=
15,67,WSvsGsrWFnDT7/4l4gOn2RfgJn4=,7vT7A25QnxZfWD79FLaUIcVWgD8=
6,75,WSvsGsrWFnDT7/4l4gOn2RfgJn4=,7vT7A25QnxZfWD79FLaUIcVWgD8=
12,72,WSvsGsrWFnDT7/4l4gOn2RfgJn4=,7vT7A25QnxZfWD79FLaUIcVWgD8=
13,66,WSvsGsrWFnDT7/4l4gOn2RfgJn4=,7vT7A25QnxZfWD79FLaUIcVWgD8=
14,67,WSvsGsrWFnDT7/4l4gOn2RfgJn4=,7vT7A25QnxZfWD79FLaUIcVWgD8=
14,70,WSvsGsrWFnDT7/4l4gOn2RfgJn4=,7vT7A25QnxZfWD79FLaUIcVWgD8=
14,66,WSvsGsrWFnDT7/4l4gOn2RfgJn4=,7vT7A25QnxZfWD79FLaUIcVWgD8=
8,71,WSvsGsrWFnDT7/4l4gOn2RfgJn4=,7vT7A25QnxZfWD79FLaUIcVWgD8=
15,70,WSvsGsrWFnDT7/4l4gOn2RfgJn4=,7vT7A25QnxZfWD79FLaUIcVWgD8=
15,66,WSvsGsrWFnDT7/4l4gOn2RfgJn4=,7vT7A25QnxZfWD79FLaUIcVWgD8=
13,72,WSvsGsrWFnDT7/4l4gOn2RfgJn4=,7vT7A25QnxZfWD79FLaUIcVWgD8=
10,71,WSvsGsrWFnDT7/4l4gOn2RfgJn4=,7vT7A25QnxZfWD79FLaUIcVWgD8=
9,71,WSvsGsrWFnDT7/4l4gOn2RfgJn4=,7vT7A25QnxZfWD79FLaUIcVWgD8=
8,67,WSvsGsrWFnDT7/4l4gOn2RfgJn4=,7vT7A25QnxZfWD79FLaUIcVWgD8=
7,66,WSvsGsrWFnDT7/4l4gOn2RfgJn4=,7vT7A25QnxZfWD79FLaUIcVWgD8=
8,66,WSvsGsrWFnDT7/4l4gOn2RfgJn4=,7vT7A25QnxZfWD79FLaUIcVWgD8=
12,71,WSvsGsrWFnDT7/4l4gOn2RfgJn4=,7vT7A25QnxZfWD79FLaUIcVWgD8=
11,71,WSvsGsrWFnDT7/4l4gOn2RfgJn4=,7vT7A25QnxZfWD79FLaUIcVWgD8=
9,66,WSvsGsrWFnDT7/4l4gOn2RfgJn4=,7vT7A25QnxZfWD79FLaUIcVWgD8=
11,67,WSvsGsrWFnDT7/4l4gOn2RfgJn4=,7vT7A25QnxZfWD79FLaUIcVWgD8=
9,67,WSvsGsrWFnDT7/4l4gOn2RfgJn4=,7vT7A25QnxZfWD79FLaUIcVWgD8=
11,66,WSvsGsrWFnDT7/4l4gOn2RfgJn4=,7vT7A25QnxZfWD79FLaUIcVWgD8=
12,67,WSvsGsrWFnDT7/4l4gOn2RfgJn4=,7vT7A25QnxZfWD79FLaUIcVWgD8=
10,66,WSvsGsrWFnDT7/4l4gOn2RfgJn4=,7vT7A25QnxZfWD79FLaUIcVWgD8=
12,66,WSvsGsrWFnDT7/4l4gOn2RfgJn4=,7vT7A25QnxZfWD79FLaUIcVWgD8=
10,67,WSvsGsrWFnDT7/4l4gOn2RfgJn4=,7vT7A25QnxZfWD79FLaUIcVWgD8=
13,71,WSvsGsrWFnDT7/4l4gOn2RfgJn4=,7vT7A25QnxZfWD79FLaUIcVWgD8=
14,71,WSvsGsrWFnDT7/4l4gOn2RfgJn4=,7vT7A25QnxZfWD79FLaUIcVWgD8=
14,72,WSvsGsrWFnDT7/4l4gOn2RfgJn4=,7vT7A25QnxZfWD79FLaUIcVWgD8=
10,70,WSvsGsrWFnDT7/4l4gOn2RfgJn4=,7vT7A25QnxZfWD79FLaUIcVWgD8=
11,70,WSvsGsrWFnDT7/4l4gOn2RfgJn4=,7vT7A25QnxZfWD79FLaUIcVWgD8=
15,74,WSvsGsrWFnDT7/4l4gOn2RfgJn4=,7vT7A25QnxZfWD79FLaUIcVWgD8=
15,73,WSvsGsrWFnDT7/4l4gOn2RfgJn4=,7vT7A25QnxZfWD79FLaUIcVWgD8=
15,75,WSvsGsrWFnDT7/4l4gOn2RfgJn4=,7vT7A25QnxZfWD79FLaUIcVWgD8=
15,72,WSvsGsrWFnDT7/4l4gOn2RfgJn4=,7vT7A25QnxZfWD79FLaUIcVWgD8=
14,68,WSvsGsrWFnDT7/4l4gOn2RfgJn4=,7vT7A25QnxZfWD79FLaUIcVWgD8=
15,71,WSvsGsrWFnDT7/4l4gOn2RfgJn4=,7vT7A25QnxZfWD79FLaUIcVWgD8=
9,70,WSvsGsrWFnDT7/4l4gOn2RfgJn4=,7vT7A25QnxZfWD79FLaUIcVWgD8=
15,69,WSvsGsrWFnDT7/4l4gOn2RfgJn4=,7vT7A25QnxZfWD79FLaUIcVWgD8=
15,68,WSvsGsrWFnDT7/4l4gOn2RfgJn4=,7vT7A25QnxZfWD79FLaUIcVWgD8=
11,69,WSvsGsrWFnDT7/4l4gOn2RfgJn4=,7vT7A25QnxZfWD79FLaUIcVWgD8=
9,69,WSvsGsrWFnDT7/4l4gOn2RfgJn4=,7vT7A25QnxZfWD79FLaUIcVWgD8=
13,67,WSvsGsrWFnDT7/4l4gOn2RfgJn4=,7vT7A25QnxZfWD79FLaUIcVWgD8=
12,69,WSvsGsrWFnDT7/4l4gOn2RfgJn4=,7vT7A25QnxZfWD79FLaUIcVWgD8=
14,69,WSvsGsrWFnDT7/4l4gOn2RfgJn4=,7vT7A25QnxZfWD79FLaUIcVWgD8=
10,69,WSvsGsrWFnDT7/4l4gOn2RfgJn4=,7vT7A25QnxZfWD79FLaUIcVWgD8=
8,70,WSvsGsrWFnDT7/4l4gOn2RfgJn4=,7vT7A25QnxZfWD79FLaUIcVWgD8=
13,69,WSvsGsrWFnDT7/4l4gOn2RfgJn4=,7vT7A25QnxZfWD79FLaUIcVWgD8=
8,69,WSvsGsrWFnDT7/4l4gOn2RfgJn4=,7vT7A25QnxZfWD79FLaUIcVWgD8=
1,83,VJ/HB3ZuSrpINWGZGnP+7hG1aVw=,7vT7A25QnxZfWD79FLaUIcVWgD8=
3,84,VJ/HB3ZuSrpINWGZGnP+7hG1aVw=,7vT7A25QnxZfWD79FLaUIcVWgD8=
1,84,VJ/HB3ZuSrpINWGZGnP+7hG1aVw=,7vT7A25QnxZfWD79FLaUIcVWgD8=
5,86,VJ/HB3ZuSrpINWGZGnP+7hG1aVw=,7vT7A25QnxZfWD79FLaUIcVWgD8=
2,84,VJ/HB3ZuSrpINWGZGnP+7hG1aVw=,7vT7A25QnxZfWD79FLaUIcVWgD8=
5,85,VJ/HB3ZuSrpINWGZGnP+7hG1aVw=,7vT7A25QnxZfWD79FLaUIcVWgD8=
4,85,VJ/HB3ZuSrpINWGZGnP+7hG1aVw=,7vT7A25QnxZfWD79FLaUIcVWgD8=
6,82,VJ/HB3ZuSrpINWGZGnP+7hG1aVw=,7vT7A25QnxZfWD79FLaUIcVWgD8=
3,85,VJ/HB3ZuSrpINWGZGnP+7hG1aVw=,7vT7A25QnxZfWD79FLaUIcVWgD8=
2,85,VJ/HB3ZuSrpINWGZGnP+7hG1aVw=,7vT7A25QnxZfWD79FLaUIcVWgD8=
6,83,VJ/HB3ZuSrpINWGZGnP+7hG1aVw=,7vT7A25QnxZfWD79FLaUIcVWgD8=
5,82,VJ/HB3ZuSrpINWGZGnP+7hG1aVw=,7vT7A25QnxZfWD79FLaUIcVWgD8=
6,86,VJ/HB3ZuSrpINWGZGnP+7hG1aVw=,7vT7A25QnxZfWD79FLaUIcVWgD8=
1,85,VJ/HB3ZuSrpINWGZGnP+7hG1aVw=,7vT7A25QnxZfWD79FLaUIcVWgD8=
6,84,VJ/HB3ZuSrpINWGZGnP+7hG1aVw=,7vT7A25QnxZfWD79FLaUIcVWgD8=
6,81,VJ/HB3ZuSrpINWGZGnP+7hG1aVw=,7vT7A25QnxZfWD79FLaUIcVWgD8=
5,81,VJ/HB3ZuSrpINWGZGnP+7hG1aVw=,7vT7A25QnxZfWD79FLaUIcVWgD8=
4,81,VJ/HB3ZuSrpINWGZGnP+7hG1aVw=,7vT7A25QnxZfWD79FLaUIcVWgD8=
4,86,VJ/HB3ZuSrpINWGZGnP+7hG1aVw=,7vT7A25QnxZfWD79FLaUIcVWgD8=
3,81,VJ/HB3ZuSrpINWGZGnP+7hG1aVw=,7vT7A25QnxZfWD79FLaUIcVWgD8=
5,83,VJ/HB3ZuSrpINWGZGnP+7hG1aVw=,7vT7A25QnxZfWD79FLaUIcVWgD8=
5,84,VJ/HB3ZuSrpINWGZGnP+7hG1aVw=,7vT7A25QnxZfWD79FLaUIcVWgD8=
4,82,VJ/HB3ZuSrpINWGZGnP+7hG1aVw=,7vT7A25QnxZfWD79FLaUIcVWgD8=
4,83,VJ/HB3ZuSrpINWGZGnP+7hG1aVw=,7vT7A25QnxZfWD79FLaUIcVWgD8=
3,82,VJ/HB3ZuSrpINWGZGnP+7hG1aVw=,7vT7A25QnxZfWD79FLaUIcVWgD8=
2,81,VJ/HB3ZuSrpINWGZGnP+7hG1aVw=,7vT7A25QnxZfWD79FLaUIcVWgD8=
4,84,VJ/HB3ZuSrpINWGZGnP+7hG1aVw=,7vT7A25QnxZfWD79FLaUIcVWgD8=
3,83,VJ/HB3ZuSrpINWGZGnP+7hG1aVw=,7vT7A25QnxZfWD79FLaUIcVWgD8=
1,81,VJ/HB3ZuSrpINWGZGnP+7hG1aVw=,7vT7A25QnxZfWD79FLaUIcVWgD8=
3,86,VJ/HB3ZuSrpINWGZGnP+7hG1aVw=,7vT7A25QnxZfWD79FLaUIcVWgD8=
2,82,VJ/HB3ZuSrpINWGZGnP+7hG1aVw=,7vT7A25QnxZfWD79FLaUIcVWgD8=
2,86,VJ/HB3ZuSrpINWGZGnP+7hG1aVw=,7vT7A25QnxZfWD79FLaUIcVWgD8=
1,86,VJ/HB3ZuSrpINWGZGnP+7hG1aVw=,7vT7A25QnxZfWD79FLaUIcVWgD8=
1,82,VJ/HB3ZuSrpINWGZGnP+7hG1aVw=,7vT7A25QnxZfWD79FLaUIcVWgD8=
6,85,VJ/HB3ZuSrpINWGZGnP+7hG1aVw=,7vT7A25QnxZfWD79FLaUIcVWgD8=
12,86,VJ/HB3ZuSrpINWGZGnP+7hG1aVw=,7vT7A25QnxZfWD79FLaUIcVWgD8=
2,83,VJ/HB3ZuSrpINWGZGnP+7hG1aVw=,7vT7A25QnxZfWD79FLaUIcVWgD8=
13,86,VJ/HB3ZuSrpINWGZGnP+7hG1aVw=,7vT7A25QnxZfWD79FLaUIcVWgD8=
14,86,VJ/HB3ZuSrpINWGZGnP+7hG1aVw=,7vT7A25QnxZfWD79FLaUIcVWgD8=
15,86,VJ/HB3ZuSrpINWGZGnP+7hG1aVw=,7vT7A25QnxZfWD79FLaUIcVWgD8=
7,85,VJ/HB3ZuSrpINWGZGnP+7hG1aVw=,7vT7A25QnxZfWD79FLaUIcVWgD8=
8,81,VJ/HB3ZuSrpINWGZGnP+7hG1aVw=,7vT7A25QnxZfWD79FLaUIcVWgD8=
9,81,VJ/HB3ZuSrpINWGZGnP+7hG1aVw=,7vT7A25QnxZfWD79FLaUIcVWgD8=
10,81,VJ/HB3ZuSrpINWGZGnP+7hG1aVw=,7vT7A25QnxZfWD79FLaUIcVWgD8=
11,81,VJ/HB3ZuSrpINWGZGnP+7hG1aVw=,7vT7A25QnxZfWD79FLaUIcVWgD8=
12,81,VJ/HB3ZuSrpINWGZGnP+7hG1aVw=,7vT7A25QnxZfWD79FLaUIcVWgD8=
7,81,VJ/HB3ZuSrpINWGZGnP+7hG1aVw=,7vT7A25QnxZfWD79FLaUIcVWgD8=
8,82,VJ/HB3ZuSrpINWGZGnP+7hG1aVw=,7vT7A25QnxZfWD79FLaUIcVWgD8=
7,84,VJ/HB3ZuSrpINWGZGnP+7hG1aVw=,7vT7A25QnxZfWD79FLaUIcVWgD8=
9,82,VJ/HB3ZuSrpINWGZGnP+7hG1aVw=,7vT7A25QnxZfWD79FLaUIcVWgD8=
10,82,VJ/HB3ZuSrpINWGZGnP+7hG1aVw=,7vT7A25QnxZfWD79FLaUIcVWgD8=
11,82,VJ/HB3ZuSrpINWGZGnP+7hG1aVw=,7vT7A25QnxZfWD79FLaUIcVWgD8=
7,83,VJ/HB3ZuSrpINWGZGnP+7hG1aVw=,7vT7A25QnxZfWD79FLaUIcVWgD8=
12,82,VJ/HB3ZuSrpINWGZGnP+7hG1aVw=,7vT7A25QnxZfWD79FLaUIcVWgD8=
8,83,VJ/HB3ZuSrpINWGZGnP+7hG1aVw=,7vT7A25QnxZfWD79FLaUIcVWgD8=
9,83,VJ/HB3ZuSrpINWGZGnP+7hG1aVw=,7vT7A25QnxZfWD79FLaUIcVWgD8=
10,83,VJ/HB3ZuSrpINWGZGnP+7hG1aVw=,7vT7A25QnxZfWD79FLaUIcVWgD8=
12,83,VJ/HB3ZuSrpINWGZGnP+7hG1aVw=,7vT7A25QnxZfWD79FLaUIcVWgD8=
11,83,VJ/HB3ZuSrpINWGZGnP+7hG1aVw=,7vT7A25QnxZfWD79FLaUIcVWgD8=
13,83,VJ/HB3ZuSrpINWGZGnP+7hG1aVw=,7vT7A25QnxZfWD79FLaUIcVWgD8=
8,84,VJ/HB3ZuSrpINWGZGnP+7hG1aVw=,7vT7A25QnxZfWD79FLaUIcVWgD8=
10,84,VJ/HB3ZuSrpINWGZGnP+7hG1aVw=,7vT7A25QnxZfWD79FLaUIcVWgD8=
9,84,VJ/HB3ZuSrpINWGZGnP+7hG1aVw=,7vT7A25QnxZfWD79FLaUIcVWgD8=
11,84,VJ/HB3ZuSrpINWGZGnP+7hG1aVw=,7vT7A25QnxZfWD79FLaUIcVWgD8=
13,84,VJ/HB3ZuSrpINWGZGnP+7hG1aVw=,7vT7A25QnxZfWD79FLaUIcVWgD8=
12,84,VJ/HB3ZuSrpINWGZGnP+7hG1aVw=,7vT7A25QnxZfWD79FLaUIcVWgD8=
14,84,VJ/HB3ZuSrpINWGZGnP+7hG1aVw=,7vT7A25QnxZfWD79FLaUIcVWgD8=
15,84,VJ/HB3ZuSrpINWGZGnP+7hG1aVw=,7vT7A25QnxZfWD79FLaUIcVWgD8=
8,85,VJ/HB3ZuSrpINWGZGnP+7hG1aVw=,7vT7A25QnxZfWD79FLaUIcVWgD8=
9,85,VJ/HB3ZuSrpINWGZGnP+7hG1aVw=,7vT7A25QnxZfWD79FLaUIcVWgD8=
10,85,VJ/HB3ZuSrpINWGZGnP+7hG1aVw=,7vT7A25QnxZfWD79FLaUIcVWgD8=
11,85,VJ/HB3ZuSrpINWGZGnP+7hG1aVw=,7vT7A25QnxZfWD79FLaUIcVWgD8=
12,85,VJ/HB3ZuSrpINWGZGnP+7hG1aVw=,7vT7A25QnxZfWD79FLaUIcVWgD8=
13,85,VJ/HB3ZuSrpINWGZGnP+7hG1aVw=,7vT7A25QnxZfWD79FLaUIcVWgD8=
7,86,VJ/HB3ZuSrpINWGZGnP+7hG1aVw=,7vT7A25QnxZfWD79FLaUIcVWgD8=
14,85,VJ/HB3ZuSrpINWGZGnP+7hG1aVw=,7vT7A25QnxZfWD79FLaUIcVWgD8=
15,85,VJ/HB3ZuSrpINWGZGnP+7hG1aVw=,7vT7A25QnxZfWD79FLaUIcVWgD8=
8,86,VJ/HB3ZuSrpINWGZGnP+7hG1aVw=,7vT7A25QnxZfWD79FLaUIcVWgD8=
7,82,VJ/HB3ZuSrpINWGZGnP+7hG1aVw=,7vT7A25QnxZfWD79FLaUIcVWgD8=
9,86,VJ/HB3ZuSrpINWGZGnP+7hG1aVw=,7vT7A25QnxZfWD79FLaUIcVWgD8=
10,86,VJ/HB3ZuSrpINWGZGnP+7hG1aVw=,7vT7A25QnxZfWD79FLaUIcVWgD8=
11,86,VJ/HB3ZuSrpINWGZGnP+7hG1aVw=,7vT7A25QnxZfWD79FLaUIcVWgD8=
0,89,VJ/HB3ZuSrpINWGZGnP+7hG1aVw=,7vT7A25QnxZfWD79FLaUIcVWgD8=
1,89,VJ/HB3ZuSrpINWGZGnP+7hG1aVw=,7vT7A25QnxZfWD79FLaUIcVWgD8=
2,89,VJ/HB3ZuSrpINWGZGnP+7hG1aVw=,7vT7A25QnxZfWD79FLaUIcVWgD8=
3,89,VJ/HB3ZuSrpINWGZGnP+7hG1aVw=,7vT7A25QnxZfWD79FLaUIcVWgD8=
4,89,VJ/HB3ZuSrpINWGZGnP+7hG1aVw=,7vT7A25QnxZfWD79FLaUIcVWgD8=
5,89,VJ/HB3ZuSrpINWGZGnP+7hG1aVw=,7vT7A25QnxZfWD79FLaUIcVWgD8=
0,90,VJ/HB3ZuSrpINWGZGnP+7hG1aVw=,7vT7A25QnxZfWD79FLaUIcVWgD8=
1,90,VJ/HB3ZuSrpINWGZGnP+7hG1aVw=,7vT7A25QnxZfWD79FLaUIcVWgD8=
2,90,VJ/HB3ZuSrpINWGZGnP+7hG1aVw=,7vT7A25QnxZfWD79FLaUIcVWgD8=
3,90,VJ/HB3ZuSrpINWGZGnP+7hG1aVw=,7vT7A25QnxZfWD79FLaUIcVWgD8=
4,90,VJ/HB3ZuSrpINWGZGnP+7hG1aVw=,7vT7A25QnxZfWD79FLaUIcVWgD8=
0,91,VJ/HB3ZuSrpINWGZGnP+7hG1aVw=,7vT7A25QnxZfWD79FLaUIcVWgD8=
1,91,VJ/HB3ZuSrpINWGZGnP+7hG1aVw=,7vT7A25QnxZfWD79FLaUIcVWgD8=
2,91,VJ/HB3ZuSrpINWGZGnP+7hG1aVw=,7vT7A25QnxZfWD79FLaUIcVWgD8=
3,91,VJ/HB3ZuSrpINWGZGnP+7hG1aVw=,7vT7A25QnxZfWD79FLaUIcVWgD8=
4,91,VJ/HB3ZuSrpINWGZGnP+7hG1aVw=,7vT7A25QnxZfWD79FLaUIcVWgD8=
0,92,VJ/HB3ZuSrpINWGZGnP+7hG1aVw=,7vT7A25QnxZfWD79FLaUIcVWgD8=
1,92,VJ/HB3ZuSrpINWGZGnP+7hG1aVw=,7vT7A25QnxZfWD79FLaUIcVWgD8=
2,92,VJ/HB3ZuSrpINWGZGnP+7hG1aVw=,7vT7A25QnxZfWD79FLaUIcVWgD8=
3,92,VJ/HB3ZuSrpINWGZGnP+7hG1aVw=,7vT7A25QnxZfWD79FLaUIcVWgD8=
6,87,VJ/HB3ZuSrpINWGZGnP+7hG1aVw=,7vT7A25QnxZfWD79FLaUIcVWgD8=
4,92,VJ/HB3ZuSrpINWGZGnP+7hG1aVw=,7vT7A25QnxZfWD79FLaUIcVWgD8=
0,93,VJ/HB3ZuSrpINWGZGnP+7hG1aVw=,7vT7A25QnxZfWD79FLaUIcVWgD8=
1,93,VJ/HB3ZuSrpINWGZGnP+7hG1aVw=,7vT7A25QnxZfWD79FLaUIcVWgD8=
2,93,VJ/HB3ZuSrpINWGZGnP+7hG1aVw=,7vT7A25QnxZfWD79FLaUIcVWgD8=
3,93,VJ/HB3ZuSrpINWGZGnP+7hG1aVw=,7vT7A25QnxZfWD79FLaUIcVWgD8=
4,93,VJ/HB3ZuSrpINWGZGnP+7hG1aVw=,7vT7A25QnxZfWD79FLaUIcVWgD8=
0,94,VJ/HB3ZuSrpINWGZGnP+7hG1aVw=,7vT7A25QnxZfWD79FLaUIcVWgD8=
1,94,VJ/HB3ZuSrpINWGZGnP+7hG1aVw=,7vT7A25QnxZfWD79FLaUIcVWgD8=
2,94,VJ/HB3ZuSrpINWGZGnP+7hG1aVw=,7vT7A25QnxZfWD79FLaUIcVWgD8=
4,94,VJ/HB3ZuSrpINWGZGnP+7hG1aVw=,7vT7A25QnxZfWD79FLaUIcVWgD8=
1,88,VJ/HB3ZuSrpINWGZGnP+7hG1aVw=,7vT7A25QnxZfWD79FLaUIcVWgD8=
2,88,VJ/HB3ZuSrpINWGZGnP+7hG1aVw=,7vT7A25QnxZfWD79FLaUIcVWgD8=
3,88,VJ/HB3ZuSrpINWGZGnP+7hG1aVw=,7vT7A25QnxZfWD79FLaUIcVWgD8=
3,94,VJ/HB3ZuSrpINWGZGnP+7hG1aVw=,7vT7A25QnxZfWD79FLaUIcVWgD8=
4,88,VJ/HB3ZuSrpINWGZGnP+7hG1aVw=,7vT7A25QnxZfWD79FLaUIcVWgD8=
5,88,VJ/HB3ZuSrpINWGZGnP+7hG1aVw=,7vT7A25QnxZfWD79FLaUIcVWgD8=
6,88,VJ/HB3ZuSrpINWGZGnP+7hG1aVw=,7vT7A25QnxZfWD79FLaUIcVWgD8=
1,87,VJ/HB3ZuSrpINWGZGnP+7hG1aVw=,7vT7A25QnxZfWD79FLaUIcVWgD8=
3,87,VJ/HB3ZuSrpINWGZGnP+7hG1aVw=,7vT7A25QnxZfWD79FLaUIcVWgD8=
4,87,VJ/HB3ZuSrpINWGZGnP+7hG1aVw=,7vT7A25QnxZfWD79FLaUIcVWgD8=
2,87,VJ/HB3ZuSrpINWGZGnP+7hG1aVw=,7vT7A25QnxZfWD79FLaUIcVWgD8=
5,87,VJ/HB3ZuSrpINWGZGnP+7hG1aVw=,7vT7A25QnxZfWD79FLaUIcVWgD8=
0,83,VJ/HB3ZuSrpINWGZGnP+7hG1aVw=,7vT7A25QnxZfWD79FLaUIcVWgD8=
0,82,VJ/HB3ZuSrpINWGZGnP+7hG1aVw=,7vT7A25QnxZfWD79FLaUIcVWgD8=
0,81,VJ/HB3ZuSrpINWGZGnP+7hG1aVw=,7vT7A25QnxZfWD79FLaUIcVWgD8=
0,86,VJ/HB3ZuSrpINWGZGnP+7hG1aVw=,7vT7A25QnxZfWD79FLaUIcVWgD8=
0,85,VJ/HB3ZuSrpINWGZGnP+7hG1aVw=,7vT7A25QnxZfWD79FLaUIcVWgD8=
0,88,VJ/HB3ZuSrpINWGZGnP+7hG1aVw=,7vT7A25QnxZfWD79FLaUIcVWgD8=
0,87,VJ/HB3ZuSrpINWGZGnP+7hG1aVw=,7vT7A25QnxZfWD79FLaUIcVWgD8=
0,84,VJ/HB3ZuSrpINWGZGnP+7hG1aVw=,7vT7A25QnxZfWD79FLaUIcVWgD8=
1,95,VJ/HB3ZuSrpINWGZGnP+7hG1aVw=,7vT7A25QnxZfWD79FLaUIcVWgD8=
2,95,VJ/HB3ZuSrpINWGZGnP+7hG1aVw=,7vT7A25QnxZfWD79FLaUIcVWgD8=
3,95,VJ/HB3ZuSrpINWGZGnP+7hG1aVw=,7vT7A25QnxZfWD79FLaUIcVWgD8=
4,95,VJ/HB3ZuSrpINWGZGnP+7hG1aVw=,7vT7A25QnxZfWD79FLaUIcVWgD8=
0,95,VJ/HB3ZuSrpINWGZGnP+7hG1aVw=,7vT7A25QnxZfWD79FLaUIcVWgD8=
12,89,VJ/HB3ZuSrpINWGZGnP+7hG1aVw=,7vT7A25QnxZfWD79FLaUIcVWgD8=
13,89,VJ/HB3ZuSrpINWGZGnP+7hG1aVw=,7vT7A25QnxZfWD79FLaUIcVWgD8=
14,89,VJ/HB3ZuSrpINWGZGnP+7hG1aVw=,7vT7A25QnxZfWD79FLaUIcVWgD8=
15,89,VJ/HB3ZuSrpINWGZGnP+7hG1aVw=,7vT7A25QnxZfWD79FLaUIcVWgD8=
11,90,VJ/HB3ZuSrpINWGZGnP+7hG1aVw=,7vT7A25QnxZfWD79FLaUIcVWgD8=
12,90,VJ/HB3ZuSrpINWGZGnP+7hG1aVw=,7vT7A25QnxZfWD79FLaUIcVWgD8=
13,90,VJ/HB3ZuSrpINWGZGnP+7hG1aVw=,7vT7A25QnxZfWD79FLaUIcVWgD8=
14,90,VJ/HB3ZuSrpINWGZGnP+7hG1aVw=,7vT7A25QnxZfWD79FLaUIcVWgD8=
15,90,VJ/HB3ZuSrpINWGZGnP+7hG1aVw=,7vT7A25QnxZfWD79FLaUIcVWgD8=
8,87,VJ/HB3ZuSrpINWGZGnP+7hG1aVw=,7vT7A25QnxZfWD79FLaUIcVWgD8=
9,87,VJ/HB3ZuSrpINWGZGnP+7hG1aVw=,7vT7A25QnxZfWD79FLaUIcVWgD8=
11,91,VJ/HB3ZuSrpINWGZGnP+7hG1aVw=,7vT7A25QnxZfWD79FLaUIcVWgD8=
10,87,VJ/HB3ZuSrpINWGZGnP+7hG1aVw=,7vT7A25QnxZfWD79FLaUIcVWgD8=
11,87,VJ/HB3ZuSrpINWGZGnP+7hG1aVw=,7vT7A25QnxZfWD79FLaUIcVWgD8=
12,87,VJ/HB3ZuSrpINWGZGnP+7hG1aVw=,7vT7A25QnxZfWD79FLaUIcVWgD8=
13,87,VJ/HB3ZuSrpINWGZGnP+7hG1aVw=,7vT7A25QnxZfWD79FLaUIcVWgD8=
12,91,VJ/HB3ZuSrpINWGZGnP+7hG1aVw=,7vT7A25QnxZfWD79FLaUIcVWgD8=
13,91,VJ/HB3ZuSrpINWGZGnP+7hG1aVw=,7vT7A25QnxZfWD79FLaUIcVWgD8=
14,91,VJ/HB3ZuSrpINWGZGnP+7hG1aVw=,7vT7A25QnxZfWD79FLaUIcVWgD8=
15,91,VJ/HB3ZuSrpINWGZGnP+7hG1aVw=,7vT7A25QnxZfWD79FLaUIcVWgD8=
14,87,VJ/HB3ZuSrpINWGZGnP+7hG1aVw=,7vT7A25QnxZfWD79FLaUIcVWgD8=
15,87,VJ/HB3ZuSrpINWGZGnP+7hG1aVw=,7vT7A25QnxZfWD79FLaUIcVWgD8=
7,87,VJ/HB3ZuSrpINWGZGnP+7hG1aVw=,7vT7A25QnxZfWD79FLaUIcVWgD8=
14,92,VJ/HB3ZuSrpINWGZGnP+7hG1aVw=,7vT7A25QnxZfWD79FLaUIcVWgD8=
15,92,VJ/HB3ZuSrpINWGZGnP+7hG1aVw=,7vT7A25QnxZfWD79FLaUIcVWgD8=
8,88,VJ/HB3ZuSrpINWGZGnP+7hG1aVw=,7vT7A25QnxZfWD79FLaUIcVWgD8=
7,91,VJ/HB3ZuSrpINWGZGnP+7hG1aVw=,7vT7A25QnxZfWD79FLaUIcVWgD8=
7,90,VJ/HB3ZuSrpINWGZGnP+7hG1aVw=,7vT7A25QnxZfWD79FLaUIcVWgD8=
2,80,VJ/HB3ZuSrpINWGZGnP+7hG1aVw=,7vT7A25QnxZfWD79FLaUIcVWgD8=
6,80,VJ/HB3ZuSrpINWGZGnP+7hG1aVw=,7vT7A25QnxZfWD79FLaUIcVWgD8=
4,80,VJ/HB3ZuSrpINWGZGnP+7hG1aVw=,7vT7A25QnxZfWD79FLaUIcVWgD8=
5,80,VJ/HB3ZuSrpINWGZGnP+7hG1aVw=,7vT7A25QnxZfWD79FLaUIcVWgD8=
3,80,VJ/HB3ZuSrpINWGZGnP+7hG1aVw=,7vT7A25QnxZfWD79FLaUIcVWgD8=
1,80,VJ/HB3ZuSrpINWGZGnP+7hG1aVw=,7vT7A25QnxZfWD79FLaUIcVWgD8=
7,89,VJ/HB3ZuSrpINWGZGnP+7hG1aVw=,7vT7A25QnxZfWD79FLaUIcVWgD8=
6,91,VJ/HB3ZuSrpINWGZGnP+7hG1aVw=,7vT7A25QnxZfWD79FLaUIcVWgD8=
6,90,VJ/HB3ZuSrpINWGZGnP+7hG1aVw=,7vT7A25QnxZfWD79FLaUIcVWgD8=
5,91,VJ/HB3ZuSrpINWGZGnP+7hG1aVw=,7vT7A25QnxZfWD79FLaUIcVWgD8=
6,89,VJ/HB3ZuSrpINWGZGnP+7hG1aVw=,7vT7A25QnxZfWD79FLaUIcVWgD8=
9,88,VJ/HB3ZuSrpINWGZGnP+7hG1aVw=,7vT7A25QnxZfWD79FLaUIcVWgD8=
10,88,VJ/HB3ZuSrpINWGZGnP+7hG1aVw=,7vT7A25QnxZfWD79FLaUIcVWgD8=
11,88,VJ/HB3ZuSrpINWGZGnP+7hG1aVw=,7vT7A25QnxZfWD79FLaUIcVWgD8=
5,90,VJ/HB3ZuSrpINWGZGnP+7hG1aVw=,7vT7A25QnxZfWD79FLaUIcVWgD8=
7,88,VJ/HB3ZuSrpINWGZGnP+7hG1aVw=,7vT7A25QnxZfWD79FLaUIcVWgD8=
7,95,VJ/HB3ZuSrpINWGZGnP+7hG1aVw=,7vT7A25QnxZfWD79FLaUIcVWgD8=
7,94,VJ/HB3ZuSrpINWGZGnP+7hG1aVw=,7vT7A25QnxZfWD79FLaUIcVWgD8=
10,91,VJ/HB3ZuSrpINWGZGnP+7hG1aVw=,7vT7A25QnxZfWD79FLaUIcVWgD8=
9,91,VJ/HB3ZuSrpINWGZGnP+7hG1aVw=,7vT7A25QnxZfWD79FLaUIcVWgD8=
7,93,VJ/HB3ZuSrpINWGZGnP+7hG1aVw=,7vT7A25QnxZfWD79FLaUIcVWgD8=
8,91,VJ/HB3ZuSrpINWGZGnP+7hG1aVw=,7vT7A25QnxZfWD79FLaUIcVWgD8=
7,92,VJ/HB3ZuSrpINWGZGnP+7hG1aVw=,7vT7A25QnxZfWD79FLaUIcVWgD8=
10,90,VJ/HB3ZuSrpINWGZGnP+7hG1aVw=,7vT7A25QnxZfWD79FLaUIcVWgD8=
9,90,VJ/HB3ZuSrpINWGZGnP+7hG1aVw=,7vT7A25QnxZfWD79FLaUIcVWgD8=
0,80,VJ/HB3ZuSrpINWGZGnP+7hG1aVw=,7vT7A25QnxZfWD79FLaUIcVWgD8=
8,90,VJ/HB3ZuSrpINWGZGnP+7hG1aVw=,7vT7A25QnxZfWD79FLaUIcVWgD8=
6,95,VJ/HB3ZuSrpINWGZGnP+7hG1aVw=,7vT7A25QnxZfWD79FLaUIcVWgD8=
13,88,VJ/HB3ZuSrpINWGZGnP+7hG1aVw=,7vT7A25QnxZfWD79FLaUIcVWgD8=
12,88,VJ/HB3ZuSrpINWGZGnP+7hG1aVw=,7vT7A25QnxZfWD79FLaUIcVWgD8=
15,88,VJ/HB3ZuSrpINWGZGnP+7hG1aVw=,7vT7A25QnxZfWD79FLaUIcVWgD8=
14,88,VJ/HB3ZuSrpINWGZGnP+7hG1aVw=,7vT7A25QnxZfWD79FLaUIcVWgD8=
11,89,VJ/HB3ZuSrpINWGZGnP+7hG1aVw=,7vT7A25QnxZfWD79FLaUIcVWgD8=
5,95,VJ/HB3ZuSrpINWGZGnP+7hG1aVw=,7vT7A25QnxZfWD79FLaUIcVWgD8=
8,89,VJ/HB3ZuSrpINWGZGnP+7hG1aVw=,7vT7A25QnxZfWD79FLaUIcVWgD8=
6,94,VJ/HB3ZuSrpINWGZGnP+7hG1aVw=,7vT7A25QnxZfWD79FLaUIcVWgD8=
5,94,VJ/HB3ZuSrpINWGZGnP+7hG1aVw=,7vT7A25QnxZfWD79FLaUIcVWgD8=
9,89,VJ/HB3ZuSrpINWGZGnP+7hG1aVw=,7vT7A25QnxZfWD79FLaUIcVWgD8=
10,89,VJ/HB3ZuSrpINWGZGnP+7hG1aVw=,7vT7A25QnxZfWD79FLaUIcVWgD8=
7,80,VJ/HB3ZuSrpINWGZGnP+7hG1aVw=,7vT7A25QnxZfWD79FLaUIcVWgD8=
8,80,VJ/HB3ZuSrpINWGZGnP+7hG1aVw=,7vT7A25QnxZfWD79FLaUIcVWgD8=
9,80,VJ/HB3ZuSrpINWGZGnP+7hG1aVw=,7vT7A25QnxZfWD79FLaUIcVWgD8=
10,80,VJ/HB3ZuSrpINWGZGnP+7hG1aVw=,7vT7A25QnxZfWD79FLaUIcVWgD8=
11,80,VJ/HB3ZuSrpINWGZGnP+7hG1aVw=,7vT7A25QnxZfWD79FLaUIcVWgD8=
12,80,VJ/HB3ZuSrpINWGZGnP+7hG1aVw=,7vT7A25QnxZfWD79FLaUIcVWgD8=
5,92,VJ/HB3ZuSrpINWGZGnP+7hG1aVw=,7vT7A25QnxZfWD79FLaUIcVWgD8=
6,93,VJ/HB3ZuSrpINWGZGnP+7hG1aVw=,7vT7A25QnxZfWD79FLaUIcVWgD8=
14,95,VJ/HB3ZuSrpINWGZGnP+7hG1aVw=,7vT7A25QnxZfWD79FLaUIcVWgD8=
15,95,VJ/HB3ZuSrpINWGZGnP+7hG1aVw=,7vT7A25QnxZfWD79FLaUIcVWgD8=
13,95,VJ/HB3ZuSrpINWGZGnP+7hG1aVw=,7vT7A25QnxZfWD79FLaUIcVWgD8=
15,80,VJ/HB3ZuSrpINWGZGnP+7hG1aVw=,7vT7A25QnxZfWD79FLaUIcVWgD8=
5,93,VJ/HB3ZuSrpINWGZGnP+7hG1aVw=,7vT7A25QnxZfWD79FLaUIcVWgD8=
8,92,VJ/HB3ZuSrpINWGZGnP+7hG1aVw=,7vT7A25QnxZfWD79FLaUIcVWgD8=
9,92,VJ/HB3ZuSrpINWGZGnP+7hG1aVw=,7vT7A25QnxZfWD79FLaUIcVWgD8=
13,81,VJ/HB3ZuSrpINWGZGnP+7hG1aVw=,7vT7A25QnxZfWD79FLaUIcVWgD8=
10,92,VJ/HB3ZuSrpINWGZGnP+7hG1aVw=,7vT7A25QnxZfWD79FLaUIcVWgD8=
6,92,VJ/HB3ZuSrpINWGZGnP+7hG1aVw=,7vT7A25QnxZfWD79FLaUIcVWgD8=
12,92,VJ/HB3ZuSrpINWGZGnP+7hG1aVw=,7vT7A25QnxZfWD79FLaUIcVWgD8=
14,80,VJ/HB3ZuSrpINWGZGnP+7hG1aVw=,7vT7A25QnxZfWD79FLaUIcVWgD8=
11,92,VJ/HB3ZuSrpINWGZGnP+7hG1aVw=,7vT7A25QnxZfWD79FLaUIcVWgD8=
15,81,VJ/HB3ZuSrpINWGZGnP+7hG1aVw=,7vT7A25QnxZfWD79FLaUIcVWgD8=
14,81,VJ/HB3ZuSrpINWGZGnP+7hG1aVw=,7vT7A25QnxZfWD79FLaUIcVWgD8=
13,82,VJ/HB3ZuSrpINWGZGnP+7hG1aVw=,7vT7A25QnxZfWD79FLaUIcVWgD8=
14,83,VJ/HB3ZuSrpINWGZGnP+7hG1aVw=,7vT7A25QnxZfWD79FLaUIcVWgD8=
15,83,VJ/HB3ZuSrpINWGZGnP+7hG1aVw=,7vT7A25QnxZfWD79FLaUIcVWgD8=
13,92,VJ/HB3ZuSrpINWGZGnP+7hG1aVw=,7vT7A25QnxZfWD79FLaUIcVWgD8=
12,95,VJ/HB3ZuSrpINWGZGnP+7hG1aVw=,7vT7A25QnxZfWD79FLaUIcVWgD8=
15,82,VJ/HB3ZuSrpINWGZGnP+7hG1aVw=,7vT7A25QnxZfWD79FLaUIcVWgD8=
9,93,VJ/HB3ZuSrpINWGZGnP+7hG1aVw=,7vT7A25QnxZfWD79FLaUIcVWgD8=
8,93,VJ/HB3ZuSrpINWGZGnP+7hG1aVw=,7vT7A25QnxZfWD79FLaUIcVWgD8=
13,80,VJ/HB3ZuSrpINWGZGnP+7hG1aVw=,7vT7A25QnxZfWD79FLaUIcVWgD8=
10,93,VJ/HB3ZuSrpINWGZGnP+7hG1aVw=,7vT7A25QnxZfWD79FLaUIcVWgD8=
14,82,VJ/HB3ZuSrpINWGZGnP+7hG1aVw=,7vT7A25QnxZfWD79FLaUIcVWgD8=
11,95,VJ/HB3ZuSrpINWGZGnP+7hG1aVw=,7vT7A25QnxZfWD79FLaUIcVWgD8=
12,93,VJ/HB3ZuSrpINWGZGnP+7hG1aVw=,7vT7A25QnxZfWD79FLaUIcVWgD8=
11,93,VJ/HB3ZuSrpINWGZGnP+7hG1aVw=,7vT7A25QnxZfWD79FLaUIcVWgD8=
14,93,VJ/HB3ZuSrpINWGZGnP+7hG1aVw=,7vT7A25QnxZfWD79FLaUIcVWgD8=
13,93,VJ/HB3ZuSrpINWGZGnP+7hG1aVw=,7vT7A25QnxZfWD79FLaUIcVWgD8=
15,93,VJ/HB3ZuSrpINWGZGnP+7hG1aVw=,7vT7A25QnxZfWD79FLaUIcVWgD8=
8,94,VJ/HB3ZuSrpINWGZGnP+7hG1aVw=,7vT7A25QnxZfWD79FLaUIcVWgD8=
13,94,VJ/HB3ZuSrpINWGZGnP+7hG1aVw=,7vT7A25QnxZfWD79FLaUIcVWgD8=
9,94,VJ/HB3ZuSrpINWGZGnP+7hG1aVw=,7vT7A25QnxZfWD79FLaUIcVWgD8=
11,94,VJ/HB3ZuSrpINWGZGnP+7hG1aVw=,7vT7A25QnxZfWD79FLaUIcVWgD8=
12,94,VJ/HB3ZuSrpINWGZGnP+7hG1aVw=,7vT7A25QnxZfWD79FLaUIcVWgD8=
10,95,VJ/HB3ZuSrpINWGZGnP+7hG1aVw=,7vT7A25QnxZfWD79FLaUIcVWgD8=
15,94,VJ/HB3ZuSrpINWGZGnP+7hG1aVw=,7vT7A25QnxZfWD79FLaUIcVWgD8=
10,94,VJ/HB3ZuSrpINWGZGnP+7hG1aVw=,7vT7A25QnxZfWD79FLaUIcVWgD8=
8,95,VJ/HB3ZuSrpINWGZGnP+7hG1aVw=,7vT7A25QnxZfWD79FLaUIcVWgD8=
14,94,VJ/HB3ZuSrpINWGZGnP+7hG1aVw=,7vT7A25QnxZfWD79FLaUIcVWgD8=
9,95,VJ/HB3ZuSrpINWGZGnP+7hG1aVw=,7vT7A25QnxZfWD79FLaUIcVWgD8=
23,92,xIYfVURo3GBVDXvszJ84UBfydZM=,lZ2m7pK6BriPpNbIoh42gkDW3ME=
19,86,xIYfVURo3GBVDXvszJ84UBfydZM=,lZ2m7pK6BriPpNbIoh42gkDW3ME=
21,86,xIYfVURo3GBVDXvszJ84UBfydZM=,lZ2m7pK6BriPpNbIoh42gkDW3ME=
20,86,xIYfVURo3GBVDXvszJ84UBfydZM=,lZ2m7pK6BriPpNbIoh42gkDW3ME=
22,86,xIYfVURo3GBVDXvszJ84UBfydZM=,lZ2m7pK6BriPpNbIoh42gkDW3ME=
23,86,xIYfVURo3GBVDXvszJ84UBfydZM=,lZ2m7pK6BriPpNbIoh42gkDW3ME=
17,83,xIYfVURo3GBVDXvszJ84UBfydZM=,lZ2m7pK6BriPpNbIoh42gkDW3ME=
22,81,xIYfVURo3GBVDXvszJ84UBfydZM=,lZ2m7pK6BriPpNbIoh42gkDW3ME=
17,87,xIYfVURo3GBVDXvszJ84UBfydZM=,lZ2m7pK6BriPpNbIoh42gkDW3ME=
18,87,xIYfVURo3GBVDXvszJ84UBfydZM=,lZ2m7pK6BriPpNbIoh42gkDW3ME=
18,83,xIYfVURo3GBVDXvszJ84UBfydZM=,lZ2m7pK6BriPpNbIoh42gkDW3ME=
20,87,xIYfVURo3GBVDXvszJ84UBfydZM=,lZ2m7pK6BriPpNbIoh42gkDW3ME=
21,87,xIYfVURo3GBVDXvszJ84UBfydZM=,lZ2m7pK6BriPpNbIoh42gkDW3ME=
19,87,xIYfVURo3GBVDXvszJ84UBfydZM=,lZ2m7pK6BriPpNbIoh42gkDW3ME=
22,87,xIYfVURo3GBVDXvszJ84UBfydZM=,lZ2m7pK6BriPpNbIoh42gkDW3ME=
18,84,xIYfVURo3GBVDXvszJ84UBfydZM=,lZ2m7pK6BriPpNbIoh42gkDW3ME=
23,87,xIYfVURo3GBVDXvszJ84UBfydZM=,lZ2m7pK6BriPpNbIoh42gkDW3ME=
23,81,xIYfVURo3GBVDXvszJ84UBfydZM=,lZ2m7pK6BriPpNbIoh42gkDW3ME=
19,83,xIYfVURo3GBVDXvszJ84UBfydZM=,lZ2m7pK6BriPpNbIoh42gkDW3ME=
17,88,xIYfVURo3GBVDXvszJ84UBfydZM=,lZ2m7pK6BriPpNbIoh42gkDW3ME=
18,88,xIYfVURo3GBVDXvszJ84UBfydZM=,lZ2m7pK6BriPpNbIoh42gkDW3ME=
19,88,xIYfVURo3GBVDXvszJ84UBfydZM=,lZ2m7pK6BriPpNbIoh42gkDW3ME=
18,85,xIYfVURo3GBVDXvszJ84UBfydZM=,lZ2m7pK6BriPpNbIoh42gkDW3ME=
20,83,xIYfVURo3GBVDXvszJ84UBfydZM=,lZ2m7pK6BriPpNbIoh42gkDW3ME=
20,88,xIYfVURo3GBVDXvszJ84UBfydZM=,lZ2m7pK6BriPpNbIoh42gkDW3ME=
21,88,xIYfVURo3GBVDXvszJ84UBfydZM=,lZ2m7pK6BriPpNbIoh42gkDW3ME=
22,88,xIYfVURo3GBVDXvszJ84UBfydZM=,lZ2m7pK6BriPpNbIoh42gkDW3ME=
23,88,xIYfVURo3GBVDXvszJ84UBfydZM=,lZ2m7pK6BriPpNbIoh42gkDW3ME=
19,85,xIYfVURo3GBVDXvszJ84UBfydZM=,lZ2m7pK6BriPpNbIoh42gkDW3ME=
21,83,xIYfVURo3GBVDXvszJ84UBfydZM=,lZ2m7pK6BriPpNbIoh42gkDW3ME=
22,83,xIYfVURo3GBVDXvszJ84UBfydZM=,lZ2m7pK6BriPpNbIoh42gkDW3ME=
19,84,xIYfVURo3GBVDXvszJ84UBfydZM=,lZ2m7pK6BriPpNbIoh42gkDW3ME=
19,81,xIYfVURo3GBVDXvszJ84UBfydZM=,lZ2m7pK6BriPpNbIoh42gkDW3ME=
20,85,xIYfVURo3GBVDXvszJ84UBfydZM=,lZ2m7pK6BriPpNbIoh42gkDW3ME=
18,82,xIYfVURo3GBVDXvszJ84UBfydZM=,lZ2m7pK6BriPpNbIoh42gkDW3ME=
19,82,xIYfVURo3GBVDXvszJ84UBfydZM=,lZ2m7pK6BriPpNbIoh42gkDW3ME=
20,84,xIYfVURo3GBVDXvszJ84UBfydZM=,lZ2m7pK6BriPpNbIoh42gkDW3ME=
21,84,xIYfVURo3GBVDXvszJ84UBfydZM=,lZ2m7pK6BriPpNbIoh42gkDW3ME=
21,85,xIYfVURo3GBVDXvszJ84UBfydZM=,lZ2m7pK6BriPpNbIoh42gkDW3ME=
22,84,xIYfVURo3GBVDXvszJ84UBfydZM=,lZ2m7pK6BriPpNbIoh42gkDW3ME=
23,83,xIYfVURo3GBVDXvszJ84UBfydZM=,lZ2m7pK6BriPpNbIoh42gkDW3ME=
22,85,xIYfVURo3GBVDXvszJ84UBfydZM=,lZ2m7pK6BriPpNbIoh42gkDW3ME=
20,82,xIYfVURo3GBVDXvszJ84UBfydZM=,lZ2m7pK6BriPpNbIoh42gkDW3ME=
23,85,xIYfVURo3GBVDXvszJ84UBfydZM=,lZ2m7pK6BriPpNbIoh42gkDW3ME=
21,82,xIYfVURo3GBVDXvszJ84UBfydZM=,lZ2m7pK6BriPpNbIoh42gkDW3ME=
23,84,xIYfVURo3GBVDXvszJ84UBfydZM=,lZ2m7pK6BriPpNbIoh42gkDW3ME=
22,82,xIYfVURo3GBVDXvszJ84UBfydZM=,lZ2m7pK6BriPpNbIoh42gkDW3ME=
23,82,xIYfVURo3GBVDXvszJ84UBfydZM=,lZ2m7pK6BriPpNbIoh42gkDW3ME=
20,81,xIYfVURo3GBVDXvszJ84UBfydZM=,lZ2m7pK6BriPpNbIoh42gkDW3ME=
17,84,xIYfVURo3GBVDXvszJ84UBfydZM=,lZ2m7pK6BriPpNbIoh42gkDW3ME=
17,86,xIYfVURo3GBVDXvszJ84UBfydZM=,lZ2m7pK6BriPpNbIoh42gkDW3ME=
17,85,xIYfVURo3GBVDXvszJ84UBfydZM=,lZ2m7pK6BriPpNbIoh42gkDW3ME=
18,86,xIYfVURo3GBVDXvszJ84UBfydZM=,lZ2m7pK6BriPpNbIoh42gkDW3ME=
21,81,xIYfVURo3GBVDXvszJ84UBfydZM=,lZ2m7pK6BriPpNbIoh42gkDW3ME=
22,92,xIYfVURo3GBVDXvszJ84UBfydZM=,lZ2m7pK6BriPpNbIoh42gkDW3ME=
21,92,xIYfVURo3GBVDXvszJ84UBfydZM=,lZ2m7pK6BriPpNbIoh42gkDW3ME=
20,92,xIYfVURo3GBVDXvszJ84UBfydZM=,lZ2m7pK6BriPpNbIoh42gkDW3ME=
19,92,xIYfVURo3GBVDXvszJ84UBfydZM=,lZ2m7pK6BriPpNbIoh42gkDW3ME=
18,92,xIYfVURo3GBVDXvszJ84UBfydZM=,lZ2m7pK6BriPpNbIoh42gkDW3ME=
17,92,xIYfVURo3GBVDXvszJ84UBfydZM=,lZ2m7pK6BriPpNbIoh42gkDW3ME=
23,91,xIYfVURo3GBVDXvszJ84UBfydZM=,lZ2m7pK6BriPpNbIoh42gkDW3ME=
22,91,xIYfVURo3GBVDXvszJ84UBfydZM=,lZ2m7pK6BriPpNbIoh42gkDW3ME=
21,91,xIYfVURo3GBVDXvszJ84UBfydZM=,lZ2m7pK6BriPpNbIoh42gkDW3ME=
20,91,xIYfVURo3GBVDXvszJ84UBfydZM=,lZ2m7pK6BriPpNbIoh42gkDW3ME=
19,91,xIYfVURo3GBVDXvszJ84UBfydZM=,lZ2m7pK6BriPpNbIoh42gkDW3ME=
18,91,xIYfVURo3GBVDXvszJ84UBfydZM=,lZ2m7pK6BriPpNbIoh42gkDW3ME=
17,91,xIYfVURo3GBVDXvszJ84UBfydZM=,lZ2m7pK6BriPpNbIoh42gkDW3ME=
23,95,xIYfVURo3GBVDXvszJ84UBfydZM=,lZ2m7pK6BriPpNbIoh42gkDW3ME=
22,95,xIYfVURo3GBVDXvszJ84UBfydZM=,lZ2m7pK6BriPpNbIoh42gkDW3ME=
21,95,xIYfVURo3GBVDXvszJ84UBfydZM=,lZ2m7pK6BriPpNbIoh42gkDW3ME=
19,95,xIYfVURo3GBVDXvszJ84UBfydZM=,lZ2m7pK6BriPpNbIoh42gkDW3ME=
20,95,xIYfVURo3GBVDXvszJ84UBfydZM=,lZ2m7pK6BriPpNbIoh42gkDW3ME=
23,90,xIYfVURo3GBVDXvszJ84UBfydZM=,lZ2m7pK6BriPpNbIoh42gkDW3ME=
22,90,xIYfVURo3GBVDXvszJ84UBfydZM=,lZ2m7pK6BriPpNbIoh42gkDW3ME=
18,95,xIYfVURo3GBVDXvszJ84UBfydZM=,lZ2m7pK6BriPpNbIoh42gkDW3ME=
21,90,xIYfVURo3GBVDXvszJ84UBfydZM=,lZ2m7pK6BriPpNbIoh42gkDW3ME=
23,94,xIYfVURo3GBVDXvszJ84UBfydZM=,lZ2m7pK6BriPpNbIoh42gkDW3ME=
22,94,xIYfVURo3GBVDXvszJ84UBfydZM=,lZ2m7pK6BriPpNbIoh42gkDW3ME=
20,90,xIYfVURo3GBVDXvszJ84UBfydZM=,lZ2m7pK6BriPpNbIoh42gkDW3ME=
21,94,xIYfVURo3GBVDXvszJ84UBfydZM=,lZ2m7pK6BriPpNbIoh42gkDW3ME=
20,94,xIYfVURo3GBVDXvszJ84UBfydZM=,lZ2m7pK6BriPpNbIoh42gkDW3ME=
19,90,xIYfVURo3GBVDXvszJ84UBfydZM=,lZ2m7pK6BriPpNbIoh42gkDW3ME=
18,90,xIYfVURo3GBVDXvszJ84UBfydZM=,lZ2m7pK6BriPpNbIoh42gkDW3ME=
17,90,xIYfVURo3GBVDXvszJ84UBfydZM=,lZ2m7pK6BriPpNbIoh42gkDW3ME=
19,94,xIYfVURo3GBVDXvszJ84UBfydZM=,lZ2m7pK6BriPpNbIoh42gkDW3ME=
23,89,xIYfVURo3GBVDXvszJ84UBfydZM=,lZ2m7pK6BriPpNbIoh42gkDW3ME=
22,89,xIYfVURo3GBVDXvszJ84UBfydZM=,lZ2m7pK6BriPpNbIoh42gkDW3ME=
21,89,xIYfVURo3GBVDXvszJ84UBfydZM=,lZ2m7pK6BriPpNbIoh42gkDW3ME=
18,94,xIYfVURo3GBVDXvszJ84UBfydZM=,lZ2m7pK6BriPpNbIoh42gkDW3ME=
20,89,xIYfVURo3GBVDXvszJ84UBfydZM=,lZ2m7pK6BriPpNbIoh42gkDW3ME=
19,89,xIYfVURo3GBVDXvszJ84UBfydZM=,lZ2m7pK6BriPpNbIoh42gkDW3ME=
18,89,xIYfVURo3GBVDXvszJ84UBfydZM=,lZ2m7pK6BriPpNbIoh42gkDW3ME=
23,93,xIYfVURo3GBVDXvszJ84UBfydZM=,lZ2m7pK6BriPpNbIoh42gkDW3ME=
22,93,xIYfVURo3GBVDXvszJ84UBfydZM=,lZ2m7pK6BriPpNbIoh42gkDW3ME=
17,89,xIYfVURo3GBVDXvszJ84UBfydZM=,lZ2m7pK6BriPpNbIoh42gkDW3ME=
21,93,xIYfVURo3GBVDXvszJ84UBfydZM=,lZ2m7pK6BriPpNbIoh42gkDW3ME=
20,93,xIYfVURo3GBVDXvszJ84UBfydZM=,lZ2m7pK6BriPpNbIoh42gkDW3ME=
19,93,xIYfVURo3GBVDXvszJ84UBfydZM=,lZ2m7pK6BriPpNbIoh42gkDW3ME=
18,93,xIYfVURo3GBVDXvszJ84UBfydZM=,lZ2m7pK6BriPpNbIoh42gkDW3ME=
16,89,xIYfVURo3GBVDXvszJ84UBfydZM=,lZ2m7pK6BriPpNbIoh42gkDW3ME=
16,90,xIYfVURo3GBVDXvszJ84UBfydZM=,lZ2m7pK6BriPpNbIoh42gkDW3ME=
16,91,xIYfVURo3GBVDXvszJ84UBfydZM=,lZ2m7pK6BriPpNbIoh42gkDW3ME=
16,92,xIYfVURo3GBVDXvszJ84UBfydZM=,lZ2m7pK6BriPpNbIoh42gkDW3ME=
16,83,xIYfVURo3GBVDXvszJ84UBfydZM=,lZ2m7pK6BriPpNbIoh42gkDW3ME=
16,87,xIYfVURo3GBVDXvszJ84UBfydZM=,lZ2m7pK6BriPpNbIoh42gkDW3ME=
16,88,xIYfVURo3GBVDXvszJ84UBfydZM=,lZ2m7pK6BriPpNbIoh42gkDW3ME=
16,84,xIYfVURo3GBVDXvszJ84UBfydZM=,lZ2m7pK6BriPpNbIoh42gkDW3ME=
16,86,xIYfVURo3GBVDXvszJ84UBfydZM=,lZ2m7pK6BriPpNbIoh42gkDW3ME=
16,85,xIYfVURo3GBVDXvszJ84UBfydZM=,lZ2m7pK6BriPpNbIoh42gkDW3ME=
22,80,xIYfVURo3GBVDXvszJ84UBfydZM=,lZ2m7pK6BriPpNbIoh42gkDW3ME=
23,80,xIYfVURo3GBVDXvszJ84UBfydZM=,lZ2m7pK6BriPpNbIoh42gkDW3ME=
19,80,xIYfVURo3GBVDXvszJ84UBfydZM=,lZ2m7pK6BriPpNbIoh42gkDW3ME=
21,80,xIYfVURo3GBVDXvszJ84UBfydZM=,lZ2m7pK6BriPpNbIoh42gkDW3ME=
20,80,xIYfVURo3GBVDXvszJ84UBfydZM=,lZ2m7pK6BriPpNbIoh42gkDW3ME=
17,82,xIYfVURo3GBVDXvszJ84UBfydZM=,lZ2m7pK6BriPpNbIoh42gkDW3ME=
17,81,xIYfVURo3GBVDXvszJ84UBfydZM=,lZ2m7pK6BriPpNbIoh42gkDW3ME=
18,81,xIYfVURo3GBVDXvszJ84UBfydZM=,lZ2m7pK6BriPpNbIoh42gkDW3ME=
16,81,xIYfVURo3GBVDXvszJ84UBfydZM=,lZ2m7pK6BriPpNbIoh42gkDW3ME=
17,93,xIYfVURo3GBVDXvszJ84UBfydZM=,lZ2m7pK6BriPpNbIoh42gkDW3ME=
16,80,xIYfVURo3GBVDXvszJ84UBfydZM=,lZ2m7pK6BriPpNbIoh42gkDW3ME=
16,95,xIYfVURo3GBVDXvszJ84UBfydZM=,lZ2m7pK6BriPpNbIoh42gkDW3ME=
16,82,xIYfVURo3GBVDXvszJ84UBfydZM=,lZ2m7pK6BriPpNbIoh42gkDW3ME=
17,95,xIYfVURo3GBVDXvszJ84UBfydZM=,lZ2m7pK6BriPpNbIoh42gkDW3ME=
16,93,xIYfVURo3GBVDXvszJ84UBfydZM=,lZ2m7pK6BriPpNbIoh42gkDW3ME=
17,80,xIYfVURo3GBVDXvszJ84UBfydZM=,lZ2m7pK6BriPpNbIoh42gkDW3ME=
17,94,xIYfVURo3GBVDXvszJ84UBfydZM=,lZ2m7pK6BriPpNbIoh42gkDW3ME=
16,94,xIYfVURo3GBVDXvszJ84UBfydZM=,lZ2m7pK6BriPpNbIoh42gkDW3ME=
18,80,xIYfVURo3GBVDXvszJ84UBfydZM=,lZ2m7pK6BriPpNbIoh42gkDW3ME=
25,75,DxGeHgu0yhXQUTi122Qfbn0FA5M=,7vT7A25QnxZfWD79FLaUIcVWgD8=
30,74,DxGeHgu0yhXQUTi122Qfbn0FA5M=,7vT7A25QnxZfWD79FLaUIcVWgD8=
28,74,DxGeHgu0yhXQUTi122Qfbn0FA5M=,7vT7A25QnxZfWD79FLaUIcVWgD8=
27,74,DxGeHgu0yhXQUTi122Qfbn0FA5M=,7vT7A25QnxZfWD79FLaUIcVWgD8=
25,74,DxGeHgu0yhXQUTi122Qfbn0FA5M=,7vT7A25QnxZfWD79FLaUIcVWgD8=
26,74,DxGeHgu0yhXQUTi122Qfbn0FA5M=,7vT7A25QnxZfWD79FLaUIcVWgD8=
30,73,DxGeHgu0yhXQUTi122Qfbn0FA5M=,7vT7A25QnxZfWD79FLaUIcVWgD8=
29,73,DxGeHgu0yhXQUTi122Qfbn0FA5M=,7vT7A25QnxZfWD79FLaUIcVWgD8=
28,73,DxGeHgu0yhXQUTi122Qfbn0FA5M=,7vT7A25QnxZfWD79FLaUIcVWgD8=
27,73,DxGeHgu0yhXQUTi122Qfbn0FA5M=,7vT7A25QnxZfWD79FLaUIcVWgD8=
26,73,DxGeHgu0yhXQUTi122Qfbn0FA5M=,7vT7A25QnxZfWD79FLaUIcVWgD8=
25,73,DxGeHgu0yhXQUTi122Qfbn0FA5M=,7vT7A25QnxZfWD79FLaUIcVWgD8=
29,74,DxGeHgu0yhXQUTi122Qfbn0FA5M=,7vT7A25QnxZfWD79FLaUIcVWgD8=
30,78,DxGeHgu0yhXQUTi122Qfbn0FA5M=,7vT7A25QnxZfWD79FLaUIcVWgD8=
29,78,DxGeHgu0yhXQUTi122Qfbn0FA5M=,7vT7A25QnxZfWD79FLaUIcVWgD8=
28,78,DxGeHgu0yhXQUTi122Qfbn0FA5M=,7vT7A25QnxZfWD79FLaUIcVWgD8=
27,78,DxGeHgu0yhXQUTi122Qfbn0FA5M=,7vT7A25QnxZfWD79FLaUIcVWgD8=
26,78,DxGeHgu0yhXQUTi122Qfbn0FA5M=,7vT7A25QnxZfWD79FLaUIcVWgD8=
25,78,DxGeHgu0yhXQUTi122Qfbn0FA5M=,7vT7A25QnxZfWD79FLaUIcVWgD8=
30,77,DxGeHgu0yhXQUTi122Qfbn0FA5M=,7vT7A25QnxZfWD79FLaUIcVWgD8=
29,77,DxGeHgu0yhXQUTi122Qfbn0FA5M=,7vT7A25QnxZfWD79FLaUIcVWgD8=
28,77,DxGeHgu0yhXQUTi122Qfbn0FA5M=,7vT7A25QnxZfWD79FLaUIcVWgD8=
26,77,dlE4xrs1BdGtmUiSFGnUE6seRl4=,7vT7A25QnxZfWD79FLaUIcVWgD8=
27,77,dlE4xrs1BdGtmUiSFGnUE6seRl4=,7vT7A25QnxZfWD79FLaUIcVWgD8=
30,76,dlE4xrs1BdGtmUiSFGnUE6seRl4=,7vT7A25QnxZfWD79FLaUIcVWgD8=
25,77,dlE4xrs1BdGtmUiSFGnUE6seRl4=,7vT7A25QnxZfWD79FLaUIcVWgD8=
29,76,dlE4xrs1BdGtmUiSFGnUE6seRl4=,7vT7A25QnxZfWD79FLaUIcVWgD8=
27,76,Jxw91sL86Zx4eyGvELtX/NqUoTI=,7vT7A25QnxZfWD79FLaUIcVWgD8=
28,76,Jxw91sL86Zx4eyGvELtX/NqUoTI=,7vT7A25QnxZfWD79FLaUIcVWgD8=
26,76,Jxw91sL86Zx4eyGvELtX/NqUoTI=,7vT7A25QnxZfWD79FLaUIcVWgD8=
29,75,Jxw91sL86Zx4eyGvELtX/NqUoTI=,7vT7A25QnxZfWD79FLaUIcVWgD8=
25,76,Jxw91sL86Zx4eyGvELtX/NqUoTI=,7vT7A25QnxZfWD79FLaUIcVWgD8=
30,75,Jxw91sL86Zx4eyGvELtX/NqUoTI=,7vT7A25QnxZfWD79FLaUIcVWgD8=
28,75,Jxw91sL86Zx4eyGvELtX/NqUoTI=,7vT7A25QnxZfWD79FLaUIcVWgD8=
27,75,Jxw91sL86Zx4eyGvELtX/NqUoTI=,7vT7A25QnxZfWD79FLaUIcVWgD8=
26,75,Jxw91sL86Zx4eyGvELtX/NqUoTI=,7vT7A25QnxZfWD79FLaUIcVWgD8=
23,76,Jxw91sL86Zx4eyGvELtX/NqUoTI=,7vT7A25QnxZfWD79FLaUIcVWgD8=
24,75,Jxw91sL86Zx4eyGvELtX/NqUoTI=,7vT7A25QnxZfWD79FLaUIcVWgD8=
24,76,Jxw91sL86Zx4eyGvELtX/NqUoTI=,7vT7A25QnxZfWD79FLaUIcVWgD8=
22,77,Jxw91sL86Zx4eyGvELtX/NqUoTI=,7vT7A25QnxZfWD79FLaUIcVWgD8=
23,77,Jxw91sL86Zx4eyGvELtX/NqUoTI=,7vT7A25QnxZfWD79FLaUIcVWgD8=
24,77,Jxw91sL86Zx4eyGvELtX/NqUoTI=,7vT7A25QnxZfWD79FLaUIcVWgD8=
20,78,Jxw91sL86Zx4eyGvELtX/NqUoTI=,7vT7A25QnxZfWD79FLaUIcVWgD8=
23,73,Jxw91sL86Zx4eyGvELtX/NqUoTI=,7vT7A25QnxZfWD79FLaUIcVWgD8=
21,78,Jxw91sL86Zx4eyGvELtX/NqUoTI=,7vT7A25QnxZfWD79FLaUIcVWgD8=
23,78,Jxw91sL86Zx4eyGvELtX/NqUoTI=,7vT7A25QnxZfWD79FLaUIcVWgD8=
22,78,Jxw91sL86Zx4eyGvELtX/NqUoTI=,7vT7A25QnxZfWD79FLaUIcVWgD8=
24,78,Jxw91sL86Zx4eyGvELtX/NqUoTI=,7vT7A25QnxZfWD79FLaUIcVWgD8=
23,74,Jxw91sL86Zx4eyGvELtX/NqUoTI=,7vT7A25QnxZfWD79FLaUIcVWgD8=
24,73,Jxw91sL86Zx4eyGvELtX/NqUoTI=,7vT7A25QnxZfWD79FLaUIcVWgD8=
23,75,Jxw91sL86Zx4eyGvELtX/NqUoTI=,7vT7A25QnxZfWD79FLaUIcVWgD8=
24,74,Jxw91sL86Zx4eyGvELtX/NqUoTI=,7vT7A25QnxZfWD79FLaUIcVWgD8=
26,64,Jxw91sL86Zx4eyGvELtX/NqUoTI=,7vT7A25QnxZfWD79FLaUIcVWgD8=
27,64,Jxw91sL86Zx4eyGvELtX/NqUoTI=,7vT7A25QnxZfWD79FLaUIcVWgD8=
25,64,Jxw91sL86Zx4eyGvELtX/NqUoTI=,7vT7A25QnxZfWD79FLaUIcVWgD8=
29,64,Jxw91sL86Zx4eyGvELtX/NqUoTI=,7vT7A25QnxZfWD79FLaUIcVWgD8=
28,64,Jxw91sL86Zx4eyGvELtX/NqUoTI=,7vT7A25QnxZfWD79FLaUIcVWgD8=
30,64,Jxw91sL86Zx4eyGvELtX/NqUoTI=,7vT7A25QnxZfWD79FLaUIcVWgD8=
29,72,Jxw91sL86Zx4eyGvELtX/NqUoTI=,7vT7A25QnxZfWD79FLaUIcVWgD8=
30,72,Jxw91sL86Zx4eyGvELtX/NqUoTI=,7vT7A25QnxZfWD79FLaUIcVWgD8=
28,72,Jxw91sL86Zx4eyGvELtX/NqUoTI=,7vT7A25QnxZfWD79FLaUIcVWgD8=
27,72,Jxw91sL86Zx4eyGvELtX/NqUoTI=,7vT7A25QnxZfWD79FLaUIcVWgD8=
25,72,Jxw91sL86Zx4eyGvELtX/NqUoTI=,7vT7A25QnxZfWD79FLaUIcVWgD8=
26,72,Jxw91sL86Zx4eyGvELtX/NqUoTI=,7vT7A25QnxZfWD79FLaUIcVWgD8=
30,66,Jxw91sL86Zx4eyGvELtX/NqUoTI=,7vT7A25QnxZfWD79FLaUIcVWgD8=
29,66,Jxw91sL86Zx4eyGvELtX/NqUoTI=,7vT7A25QnxZfWD79FLaUIcVWgD8=
31,65,Jxw91sL86Zx4eyGvELtX/NqUoTI=,7vT7A25QnxZfWD79FLaUIcVWgD8=
30,65,Jxw91sL86Zx4eyGvELtX/NqUoTI=,7vT7A25QnxZfWD79FLaUIcVWgD8=
29,65,Jxw91sL86Zx4eyGvELtX/NqUoTI=,7vT7A25QnxZfWD79FLaUIcVWgD8=
28,65,Jxw91sL86Zx4eyGvELtX/NqUoTI=,7vT7A25QnxZfWD79FLaUIcVWgD8=
31,75,Jxw91sL86Zx4eyGvELtX/NqUoTI=,7vT7A25QnxZfWD79FLaUIcVWgD8=
31,76,Jxw91sL86Zx4eyGvELtX/NqUoTI=,7vT7A25QnxZfWD79FLaUIcVWgD8=
31,77,Jxw91sL86Zx4eyGvELtX/NqUoTI=,7vT7A25QnxZfWD79FLaUIcVWgD8=
31,66,Jxw91sL86Zx4eyGvELtX/NqUoTI=,7vT7A25QnxZfWD79FLaUIcVWgD8=
31,78,Jxw91sL86Zx4eyGvELtX/NqUoTI=,7vT7A25QnxZfWD79FLaUIcVWgD8=
31,71,Jxw91sL86Zx4eyGvELtX/NqUoTI=,7vT7A25QnxZfWD79FLaUIcVWgD8=
24,64,Jxw91sL86Zx4eyGvELtX/NqUoTI=,7vT7A25QnxZfWD79FLaUIcVWgD8=
31,74,Jxw91sL86Zx4eyGvELtX/NqUoTI=,7vT7A25QnxZfWD79FLaUIcVWgD8=
31,73,Jxw91sL86Zx4eyGvELtX/NqUoTI=,7vT7A25QnxZfWD79FLaUIcVWgD8=
28,71,Jxw91sL86Zx4eyGvELtX/NqUoTI=,7vT7A25QnxZfWD79FLaUIcVWgD8=
31,72,Jxw91sL86Zx4eyGvELtX/NqUoTI=,7vT7A25QnxZfWD79FLaUIcVWgD8=
22,72,Jxw91sL86Zx4eyGvELtX/NqUoTI=,7vT7A25QnxZfWD79FLaUIcVWgD8=
25,79,Jxw91sL86Zx4eyGvELtX/NqUoTI=,7vT7A25QnxZfWD79FLaUIcVWgD8=
26,79,Jxw91sL86Zx4eyGvELtX/NqUoTI=,7vT7A25QnxZfWD79FLaUIcVWgD8=
27,79,Jxw91sL86Zx4eyGvELtX/NqUoTI=,7vT7A25QnxZfWD79FLaUIcVWgD8=
28,79,Jxw91sL86Zx4eyGvELtX/NqUoTI=,7vT7A25QnxZfWD79FLaUIcVWgD8=
29,79,Jxw91sL86Zx4eyGvELtX/NqUoTI=,7vT7A25QnxZfWD79FLaUIcVWgD8=
30,79,Jxw91sL86Zx4eyGvELtX/NqUoTI=,7vT7A25QnxZfWD79FLaUIcVWgD8=
31,79,Jxw91sL86Zx4eyGvELtX/NqUoTI=,7vT7A25QnxZfWD79FLaUIcVWgD8=
19,79,Jxw91sL86Zx4eyGvELtX/NqUoTI=,7vT7A25QnxZfWD79FLaUIcVWgD8=
20,79,Jxw91sL86Zx4eyGvELtX/NqUoTI=,7vT7A25QnxZfWD79FLaUIcVWgD8=
21,79,Jxw91sL86Zx4eyGvELtX/NqUoTI=,7vT7A25QnxZfWD79FLaUIcVWgD8=
22,79,Jxw91sL86Zx4eyGvELtX/NqUoTI=,7vT7A25QnxZfWD79FLaUIcVWgD8=
23,79,Jxw91sL86Zx4eyGvELtX/NqUoTI=,7vT7A25QnxZfWD79FLaUIcVWgD8=
24,79,Jxw91sL86Zx4eyGvELtX/NqUoTI=,7vT7A25QnxZfWD79FLaUIcVWgD8=
31,64,Jxw91sL86Zx4eyGvELtX/NqUoTI=,7vT7A25QnxZfWD79FLaUIcVWgD8=
28,66,Jxw91sL86Zx4eyGvELtX/NqUoTI=,7vT7A25QnxZfWD79FLaUIcVWgD8=
21,65,Jxw91sL86Zx4eyGvELtX/NqUoTI=,7vT7A25QnxZfWD79FLaUIcVWgD8=
22,76,Jxw91sL86Zx4eyGvELtX/NqUoTI=,7vT7A25QnxZfWD79FLaUIcVWgD8=
29,71,Jxw91sL86Zx4eyGvELtX/NqUoTI=,7vT7A25QnxZfWD79FLaUIcVWgD8=
24,70,Jxw91sL86Zx4eyGvELtX/NqUoTI=,7vT7A25QnxZfWD79FLaUIcVWgD8=
21,72,Jxw91sL86Zx4eyGvELtX/NqUoTI=,7vT7A25QnxZfWD79FLaUIcVWgD8=
23,68,Jxw91sL86Zx4eyGvELtX/NqUoTI=,7vT7A25QnxZfWD79FLaUIcVWgD8=
23,67,Jxw91sL86Zx4eyGvELtX/NqUoTI=,7vT7A25QnxZfWD79FLaUIcVWgD8=
16,65,Jxw91sL86Zx4eyGvELtX/NqUoTI=,7vT7A25QnxZfWD79FLaUIcVWgD8=
21,77,Jxw91sL86Zx4eyGvELtX/NqUoTI=,7vT7A25QnxZfWD79FLaUIcVWgD8=
16,64,Jxw91sL86Zx4eyGvELtX/NqUoTI=,7vT7A25QnxZfWD79FLaUIcVWgD8=
20,77,Jxw91sL86Zx4eyGvELtX/NqUoTI=,7vT7A25QnxZfWD79FLaUIcVWgD8=
23,66,Jxw91sL86Zx4eyGvELtX/NqUoTI=,7vT7A25QnxZfWD79FLaUIcVWgD8=
19,65,Jxw91sL86Zx4eyGvELtX/NqUoTI=,7vT7A25QnxZfWD79FLaUIcVWgD8=
21,64,Jxw91sL86Zx4eyGvELtX/NqUoTI=,7vT7A25QnxZfWD79FLaUIcVWgD8=
19,64,Jxw91sL86Zx4eyGvELtX/NqUoTI=,7vT7A25QnxZfWD79FLaUIcVWgD8=
28,67,Jxw91sL86Zx4eyGvELtX/NqUoTI=,7vT7A25QnxZfWD79FLaUIcVWgD8=
20,65,Jxw91sL86Zx4eyGvELtX/NqUoTI=,7vT7A25QnxZfWD79FLaUIcVWgD8=
30,71,Jxw91sL86Zx4eyGvELtX/NqUoTI=,7vT7A25QnxZfWD79FLaUIcVWgD8=
24,69,Jxw91sL86Zx4eyGvELtX/NqUoTI=,7vT7A25QnxZfWD79FLaUIcVWgD8=
16,66,Jxw91sL86Zx4eyGvELtX/NqUoTI=,7vT7A25QnxZfWD79FLaUIcVWgD8=
29,67,Jxw91sL86Zx4eyGvELtX/NqUoTI=,7vT7A25QnxZfWD79FLaUIcVWgD8=
21,66,Jxw91sL86Zx4eyGvELtX/NqUoTI=,7vT7A25QnxZfWD79FLaUIcVWgD8=
20,76,Jxw91sL86Zx4eyGvELtX/NqUoTI=,7vT7A25QnxZfWD79FLaUIcVWgD8=
16,71,Jxw91sL86Zx4eyGvELtX/NqUoTI=,7vT7A25QnxZfWD79FLaUIcVWgD8=
20,66,Jxw91sL86Zx4eyGvELtX/NqUoTI=,7vT7A25QnxZfWD79FLaUIcVWgD8=
20,72,Jxw91sL86Zx4eyGvELtX/NqUoTI=,7vT7A25QnxZfWD79FLaUIcVWgD8=
19,66,Jxw91sL86Zx4eyGvELtX/NqUoTI=,7vT7A25QnxZfWD79FLaUIcVWgD8=
21,76,Jxw91sL86Zx4eyGvELtX/NqUoTI=,7vT7A25QnxZfWD79FLaUIcVWgD8=
28,68,Jxw91sL86Zx4eyGvELtX/NqUoTI=,7vT7A25QnxZfWD79FLaUIcVWgD8=
22,68,Jxw91sL86Zx4eyGvELtX/NqUoTI=,7vT7A25QnxZfWD79FLaUIcVWgD8=
22,67,Jxw91sL86Zx4eyGvELtX/NqUoTI=,7vT7A25QnxZfWD79FLaUIcVWgD8=
22,66,Jxw91sL86Zx4eyGvELtX/NqUoTI=,7vT7A25QnxZfWD79FLaUIcVWgD8=
30,67,Jxw91sL86Zx4eyGvELtX/NqUoTI=,7vT7A25QnxZfWD79FLaUIcVWgD8=
16,67,Jxw91sL86Zx4eyGvELtX/NqUoTI=,7vT7A25QnxZfWD79FLaUIcVWgD8=
16,69,Jxw91sL86Zx4eyGvELtX/NqUoTI=,7vT7A25QnxZfWD79FLaUIcVWgD8=
18,65,Jxw91sL86Zx4eyGvELtX/NqUoTI=,7vT7A25QnxZfWD79FLaUIcVWgD8=
31,67,Jxw91sL86Zx4eyGvELtX/NqUoTI=,7vT7A25QnxZfWD79FLaUIcVWgD8=
21,67,Jxw91sL86Zx4eyGvELtX/NqUoTI=,7vT7A25QnxZfWD79FLaUIcVWgD8=
23,64,Jxw91sL86Zx4eyGvELtX/NqUoTI=,7vT7A25QnxZfWD79FLaUIcVWgD8=
29,68,Jxw91sL86Zx4eyGvELtX/NqUoTI=,7vT7A25QnxZfWD79FLaUIcVWgD8=
23,71,Jxw91sL86Zx4eyGvELtX/NqUoTI=,7vT7A25QnxZfWD79FLaUIcVWgD8=
24,65,Jxw91sL86Zx4eyGvELtX/NqUoTI=,7vT7A25QnxZfWD79FLaUIcVWgD8=
30,68,Jxw91sL86Zx4eyGvELtX/NqUoTI=,7vT7A25QnxZfWD79FLaUIcVWgD8=
24,71,Jxw91sL86Zx4eyGvELtX/NqUoTI=,7vT7A25QnxZfWD79FLaUIcVWgD8=
16,68,Jxw91sL86Zx4eyGvELtX/NqUoTI=,7vT7A25QnxZfWD79FLaUIcVWgD8=
21,71,Jxw91sL86Zx4eyGvELtX/NqUoTI=,7vT7A25QnxZfWD79FLaUIcVWgD8=
17,66,Jxw91sL86Zx4eyGvELtX/NqUoTI=,7vT7A25QnxZfWD79FLaUIcVWgD8=
22,71,Jxw91sL86Zx4eyGvELtX/NqUoTI=,7vT7A25QnxZfWD79FLaUIcVWgD8=
23,65,Jxw91sL86Zx4eyGvELtX/NqUoTI=,7vT7A25QnxZfWD79FLaUIcVWgD8=
31,68,Jxw91sL86Zx4eyGvELtX/NqUoTI=,7vT7A25QnxZfWD79FLaUIcVWgD8=
20,71,Jxw91sL86Zx4eyGvELtX/NqUoTI=,7vT7A25QnxZfWD79FLaUIcVWgD8=
28,69,Jxw91sL86Zx4eyGvELtX/NqUoTI=,7vT7A25QnxZfWD79FLaUIcVWgD8=
16,70,Jxw91sL86Zx4eyGvELtX/NqUoTI=,7vT7A25QnxZfWD79FLaUIcVWgD8=
22,64,Jxw91sL86Zx4eyGvELtX/NqUoTI=,7vT7A25QnxZfWD79FLaUIcVWgD8=
21,70,Jxw91sL86Zx4eyGvELtX/NqUoTI=,7vT7A25QnxZfWD79FLaUIcVWgD8=
23,70,Jxw91sL86Zx4eyGvELtX/NqUoTI=,7vT7A25QnxZfWD79FLaUIcVWgD8=
29,69,Jxw91sL86Zx4eyGvELtX/NqUoTI=,7vT7A25QnxZfWD79FLaUIcVWgD8=
20,70,Jxw91sL86Zx4eyGvELtX/NqUoTI=,7vT7A25QnxZfWD79FLaUIcVWgD8=
18,67,Jxw91sL86Zx4eyGvELtX/NqUoTI=,7vT7A25QnxZfWD79FLaUIcVWgD8=
22,70,Jxw91sL86Zx4eyGvELtX/NqUoTI=,7vT7A25QnxZfWD79FLaUIcVWgD8=
22,65,Jxw91sL86Zx4eyGvELtX/NqUoTI=,7vT7A25QnxZfWD79FLaUIcVWgD8=
17,68,Jxw91sL86Zx4eyGvELtX/NqUoTI=,7vT7A25QnxZfWD79FLaUIcVWgD8=
30,69,Jxw91sL86Zx4eyGvELtX/NqUoTI=,7vT7A25QnxZfWD79FLaUIcVWgD8=
25,65,Jxw91sL86Zx4eyGvELtX/NqUoTI=,7vT7A25QnxZfWD79FLaUIcVWgD8=
26,65,Jxw91sL86Zx4eyGvELtX/NqUoTI=,7vT7A25QnxZfWD79FLaUIcVWgD8=
27,65,Jxw91sL86Zx4eyGvELtX/NqUoTI=,7vT7A25QnxZfWD79FLaUIcVWgD8=
27,66,Jxw91sL86Zx4eyGvELtX/NqUoTI=,7vT7A25QnxZfWD79FLaUIcVWgD8=
25,66,Jxw91sL86Zx4eyGvELtX/NqUoTI=,7vT7A25QnxZfWD79FLaUIcVWgD8=
26,66,Jxw91sL86Zx4eyGvELtX/NqUoTI=,7vT7A25QnxZfWD79FLaUIcVWgD8=
17,70,Jxw91sL86Zx4eyGvELtX/NqUoTI=,7vT7A25QnxZfWD79FLaUIcVWgD8=
25,67,Jxw91sL86Zx4eyGvELtX/NqUoTI=,7vT7A25QnxZfWD79FLaUIcVWgD8=
31,69,Jxw91sL86Zx4eyGvELtX/NqUoTI=,7vT7A25QnxZfWD79FLaUIcVWgD8=
17,67,Jxw91sL86Zx4eyGvELtX/NqUoTI=,7vT7A25QnxZfWD79FLaUIcVWgD8=
27,67,Jxw91sL86Zx4eyGvELtX/NqUoTI=,7vT7A25QnxZfWD79FLaUIcVWgD8=
25,68,Jxw91sL86Zx4eyGvELtX/NqUoTI=,7vT7A25QnxZfWD79FLaUIcVWgD8=
31,70,Jxw91sL86Zx4eyGvELtX/NqUoTI=,7vT7A25QnxZfWD79FLaUIcVWgD8=
26,67,Jxw91sL86Zx4eyGvELtX/NqUoTI=,7vT7A25QnxZfWD79FLaUIcVWgD8=
18,64,Jxw91sL86Zx4eyGvELtX/NqUoTI=,7vT7A25QnxZfWD79FLaUIcVWgD8=
17,69,Jxw91sL86Zx4eyGvELtX/NqUoTI=,7vT7A25QnxZfWD79FLaUIcVWgD8=
27,68,Jxw91sL86Zx4eyGvELtX/NqUoTI=,7vT7A25QnxZfWD79FLaUIcVWgD8=
30,70,Jxw91sL86Zx4eyGvELtX/NqUoTI=,7vT7A25QnxZfWD79FLaUIcVWgD8=
27,69,Jxw91sL86Zx4eyGvELtX/NqUoTI=,7vT7A25QnxZfWD79FLaUIcVWgD8=
26,68,Jxw91sL86Zx4eyGvELtX/NqUoTI=,7vT7A25QnxZfWD79FLaUIcVWgD8=
26,70,Jxw91sL86Zx4eyGvELtX/NqUoTI=,7vT7A25QnxZfWD79FLaUIcVWgD8=
25,69,Jxw91sL86Zx4eyGvELtX/NqUoTI=,7vT7A25QnxZfWD79FLaUIcVWgD8=
18,70,Jxw91sL86Zx4eyGvELtX/NqUoTI=,7vT7A25QnxZfWD79FLaUIcVWgD8=
27,71,Jxw91sL86Zx4eyGvELtX/NqUoTI=,7vT7A25QnxZfWD79FLaUIcVWgD8=
29,70,Jxw91sL86Zx4eyGvELtX/NqUoTI=,7vT7A25QnxZfWD79FLaUIcVWgD8=
25,70,Jxw91sL86Zx4eyGvELtX/NqUoTI=,7vT7A25QnxZfWD79FLaUIcVWgD8=
26,69,Jxw91sL86Zx4eyGvELtX/NqUoTI=,7vT7A25QnxZfWD79FLaUIcVWgD8=
26,71,Jxw91sL86Zx4eyGvELtX/NqUoTI=,7vT7A25QnxZfWD79FLaUIcVWgD8=
28,70,Jxw91sL86Zx4eyGvELtX/NqUoTI=,7vT7A25QnxZfWD79FLaUIcVWgD8=
22,74,Jxw91sL86Zx4eyGvELtX/NqUoTI=,7vT7A25QnxZfWD79FLaUIcVWgD8=
23,72,Jxw91sL86Zx4eyGvELtX/NqUoTI=,7vT7A25QnxZfWD79FLaUIcVWgD8=
21,75,Jxw91sL86Zx4eyGvELtX/NqUoTI=,7vT7A25QnxZfWD79FLaUIcVWgD8=
20,75,Jxw91sL86Zx4eyGvELtX/NqUoTI=,7vT7A25QnxZfWD79FLaUIcVWgD8=
18,68,Jxw91sL86Zx4eyGvELtX/NqUoTI=,7vT7A25QnxZfWD79FLaUIcVWgD8=
25,71,Jxw91sL86Zx4eyGvELtX/NqUoTI=,7vT7A25QnxZfWD79FLaUIcVWgD8=
22,75,Jxw91sL86Zx4eyGvELtX/NqUoTI=,7vT7A25QnxZfWD79FLaUIcVWgD8=
22,73,Jxw91sL86Zx4eyGvELtX/NqUoTI=,7vT7A25QnxZfWD79FLaUIcVWgD8=
27,70,Jxw91sL86Zx4eyGvELtX/NqUoTI=,7vT7A25QnxZfWD79FLaUIcVWgD8=
20,73,Jxw91sL86Zx4eyGvELtX/NqUoTI=,7vT7A25QnxZfWD79FLaUIcVWgD8=
21,74,Jxw91sL86Zx4eyGvELtX/NqUoTI=,7vT7A25QnxZfWD79FLaUIcVWgD8=
21,73,Jxw91sL86Zx4eyGvELtX/NqUoTI=,7vT7A25QnxZfWD79FLaUIcVWgD8=
20,74,Jxw91sL86Zx4eyGvELtX/NqUoTI=,7vT7A25QnxZfWD79FLaUIcVWgD8=
24,72,Jxw91sL86Zx4eyGvELtX/NqUoTI=,7vT7A25QnxZfWD79FLaUIcVWgD8=
24,66,Jxw91sL86Zx4eyGvELtX/NqUoTI=,7vT7A25QnxZfWD79FLaUIcVWgD8=
24,68,Jxw91sL86Zx4eyGvELtX/NqUoTI=,7vT7A25QnxZfWD79FLaUIcVWgD8=
17,65,Jxw91sL86Zx4eyGvELtX/NqUoTI=,7vT7A25QnxZfWD79FLaUIcVWgD8=
19,68,Jxw91sL86Zx4eyGvELtX/NqUoTI=,7vT7A25QnxZfWD79FLaUIcVWgD8=
18,69,Jxw91sL86Zx4eyGvELtX/NqUoTI=,7vT7A25QnxZfWD79FLaUIcVWgD8=
20,64,Jxw91sL86Zx4eyGvELtX/NqUoTI=,7vT7A25QnxZfWD79FLaUIcVWgD8=
24,67,Jxw91sL86Zx4eyGvELtX/NqUoTI=,7vT7A25QnxZfWD79FLaUIcVWgD8=
20,67,Jxw91sL86Zx4eyGvELtX/NqUoTI=,7vT7A25QnxZfWD79FLaUIcVWgD8=
17,64,Jxw91sL86Zx4eyGvELtX/NqUoTI=,7vT7A25QnxZfWD79FLaUIcVWgD8=
23,69,Jxw91sL86Zx4eyGvELtX/NqUoTI=,7vT7A25QnxZfWD79FLaUIcVWgD8=
18,66,Jxw91sL86Zx4eyGvELtX/NqUoTI=,7vT7A25QnxZfWD79FLaUIcVWgD8=
19,69,Jxw91sL86Zx4eyGvELtX/NqUoTI=,7vT7A25QnxZfWD79FLaUIcVWgD8=
19,71,Jxw91sL86Zx4eyGvELtX/NqUoTI=,7vT7A25QnxZfWD79FLaUIcVWgD8=
20,69,Jxw91sL86Zx4eyGvELtX/NqUoTI=,7vT7A25QnxZfWD79FLaUIcVWgD8=
19,67,Jxw91sL86Zx4eyGvELtX/NqUoTI=,7vT7A25QnxZfWD79FLaUIcVWgD8=
18,71,Jxw91sL86Zx4eyGvELtX/NqUoTI=,7vT7A25QnxZfWD79FLaUIcVWgD8=
16,74,Jxw91sL86Zx4eyGvELtX/NqUoTI=,7vT7A25QnxZfWD79FLaUIcVWgD8=
21,68,Jxw91sL86Zx4eyGvELtX/NqUoTI=,7vT7A25QnxZfWD79FLaUIcVWgD8=
18,77,Jxw91sL86Zx4eyGvELtX/NqUoTI=,7vT7A25QnxZfWD79FLaUIcVWgD8=
20,68,Jxw91sL86Zx4eyGvELtX/NqUoTI=,7vT7A25QnxZfWD79FLaUIcVWgD8=
19,77,Jxw91sL86Zx4eyGvELtX/NqUoTI=,7vT7A25QnxZfWD79FLaUIcVWgD8=
21,69,Jxw91sL86Zx4eyGvELtX/NqUoTI=,7vT7A25QnxZfWD79FLaUIcVWgD8=
22,69,Jxw91sL86Zx4eyGvELtX/NqUoTI=,7vT7A25QnxZfWD79FLaUIcVWgD8=
17,77,Jxw91sL86Zx4eyGvELtX/NqUoTI=,7vT7A25QnxZfWD79FLaUIcVWgD8=
19,78,Jxw91sL86Zx4eyGvELtX/NqUoTI=,7vT7A25QnxZfWD79FLaUIcVWgD8=
17,71,Jxw91sL86Zx4eyGvELtX/NqUoTI=,7vT7A25QnxZfWD79FLaUIcVWgD8=
17,78,Jxw91sL86Zx4eyGvELtX/NqUoTI=,7vT7A25QnxZfWD79FLaUIcVWgD8=
17,73,Jxw91sL86Zx4eyGvELtX/NqUoTI=,7vT7A25QnxZfWD79FLaUIcVWgD8=
18,73,Jxw91sL86Zx4eyGvELtX/NqUoTI=,7vT7A25QnxZfWD79FLaUIcVWgD8=
19,70,Jxw91sL86Zx4eyGvELtX/NqUoTI=,7vT7A25QnxZfWD79FLaUIcVWgD8=
18,74,Jxw91sL86Zx4eyGvELtX/NqUoTI=,7vT7A25QnxZfWD79FLaUIcVWgD8=
16,76,Jxw91sL86Zx4eyGvELtX/NqUoTI=,7vT7A25QnxZfWD79FLaUIcVWgD8=
16,75,Jxw91sL86Zx4eyGvELtX/NqUoTI=,7vT7A25QnxZfWD79FLaUIcVWgD8=
19,73,Jxw91sL86Zx4eyGvELtX/NqUoTI=,7vT7A25QnxZfWD79FLaUIcVWgD8=
19,74,Jxw91sL86Zx4eyGvELtX/NqUoTI=,7vT7A25QnxZfWD79FLaUIcVWgD8=
17,74,Jxw91sL86Zx4eyGvELtX/NqUoTI=,7vT7A25QnxZfWD79FLaUIcVWgD8=
18,78,Jxw91sL86Zx4eyGvELtX/NqUoTI=,7vT7A25QnxZfWD79FLaUIcVWgD8=
17,75,Jxw91sL86Zx4eyGvELtX/NqUoTI=,7vT7A25QnxZfWD79FLaUIcVWgD8=
19,75,Jxw91sL86Zx4eyGvELtX/NqUoTI=,7vT7A25QnxZfWD79FLaUIcVWgD8=
18,75,Jxw91sL86Zx4eyGvELtX/NqUoTI=,7vT7A25QnxZfWD79FLaUIcVWgD8=
18,76,Jxw91sL86Zx4eyGvELtX/NqUoTI=,7vT7A25QnxZfWD79FLaUIcVWgD8=
16,79,Jxw91sL86Zx4eyGvELtX/NqUoTI=,7vT7A25QnxZfWD79FLaUIcVWgD8=
19,76,Jxw91sL86Zx4eyGvELtX/NqUoTI=,7vT7A25QnxZfWD79FLaUIcVWgD8=
16,78,Jxw91sL86Zx4eyGvELtX/NqUoTI=,7vT7A25QnxZfWD79FLaUIcVWgD8=
16,77,Jxw91sL86Zx4eyGvELtX/NqUoTI=,7vT7A25QnxZfWD79FLaUIcVWgD8=
19,72,Jxw91sL86Zx4eyGvELtX/NqUoTI=,7vT7A25QnxZfWD79FLaUIcVWgD8=
17,79,Jxw91sL86Zx4eyGvELtX/NqUoTI=,7vT7A25QnxZfWD79FLaUIcVWgD8=
17,76,Jxw91sL86Zx4eyGvELtX/NqUoTI=,7vT7A25QnxZfWD79FLaUIcVWgD8=
17,72,Jxw91sL86Zx4eyGvELtX/NqUoTI=,7vT7A25QnxZfWD79FLaUIcVWgD8=
18,72,Jxw91sL86Zx4eyGvELtX/NqUoTI=,7vT7A25QnxZfWD79FLaUIcVWgD8=
16,73,Jxw91sL86Zx4eyGvELtX/NqUoTI=,7vT7A25QnxZfWD79FLaUIcVWgD8=
16,72,Jxw91sL86Zx4eyGvELtX/NqUoTI=,7vT7A25QnxZfWD79FLaUIcVWgD8=
18,79,Jxw91sL86Zx4eyGvELtX/NqUoTI=,7vT7A25QnxZfWD79FLaUIcVWgD8=
